CREATE TABLE IF NOT EXISTS `cuentas` (
  `cuentas_id` INT NOT NULL AUTO_INCREMENT,
  `nombre` VARCHAR(45) NULL,
  `estatus` INT(1) NOT NULL DEFAULT 1,
  `fecha_creacion` DATETIME DEFAULT   CURRENT_TIMESTAMP,
  `fecha_edicion` DATETIME ON UPDATE CURRENT_TIMESTAMP,
  PRIMARY KEY (`cuentas_id`),
  INDEX `cuentas_estatus_idx` (`estatus` ASC))
ENGINE = InnoDB;

INSERT INTO `cuentas` (`cuentas_id`, `nombre`, `estatus`) VALUES
(1, 'cuenta_001', 1);

CREATE TABLE IF NOT EXISTS `usuarios` (
  `usuarios_id` INT NOT NULL AUTO_INCREMENT,
  `username` VARCHAR(45) NULL,
  `nombre` VARCHAR(100) NULL,
  `apellido_paterno` VARCHAR(100) NULL,
  `apellido_materno` VARCHAR(100) NULL,
  `email` VARCHAR(150) NULL,
  `passwd` VARCHAR(70) NULL,
  `estatus` INT(1) NOT NULL DEFAULT 1,
  `cuentas_id` INT NOT NULL DEFAULT 0,
  `creacion` DATETIME DEFAULT   CURRENT_TIMESTAMP,
  `edicion` DATETIME ON UPDATE CURRENT_TIMESTAMP,
  PRIMARY KEY (`usuarios_id`),
  INDEX `usuarios_username_idx` (`username` ASC),
  INDEX `usuarios_estatus_idx` (`estatus` ASC),
  INDEX `usuarios_cuentas_idx` (`cuentas_id` ASC))
ENGINE = InnoDB;

-- Bianconeri26!
INSERT INTO `usuarios` (`usuarios_id`, `username`, `nombre`, `apellido_paterno`, `apellido_materno`, `email`, `passwd`, `estatus`, `cuentas_id`) VALUES
(1, 'tisca26', 'Gerardo Gabriel', 'Tiscareño', 'Gutiérrez', 'gerry.t26@gmail.com', '$2y$10$XQy2VIM.tJuZ3/3wxoLUtOduMWzPsFmopgR2g2c7bHeVBwQRPry4e', 1, 1);

-- ----------------------------------------------------------

CREATE TABLE IF NOT EXISTS `resources` (
  `resources_id` INT NOT NULL AUTO_INCREMENT,
  `resource` VARCHAR(50) NOT NULL,
  PRIMARY KEY (`resources_id`))
ENGINE = InnoDB;

--
-- Volcado de datos para la tabla `resources`
--

INSERT INTO `resources` (`resources_id`, `resource`) VALUES
(1, 'resources'),
(2, 'users'),
(3, 'groups'),
(4, 'acl'),
(5, 'dashboard'),
(6, 'menu');

-- ----------------------------------------------------------

CREATE TABLE IF NOT EXISTS `accesscontrollist` (
  `TARGETID` INT NOT NULL,
  `TYPEID` INT NOT NULL,
  `RESOURCEID` INT NOT NULL,
  `R` INT NULL,
  `I` INT NULL,
  `U` INT NULL,
  `D` INT NULL,
  INDEX `acl_targetid_idx` (`TARGETID` ASC),
  INDEX `acl_typeid_idx` (`TYPEID` ASC),
  INDEX `acl_resourceid_idx` (`RESOURCEID` ASC))
ENGINE = InnoDB;

--
-- Volcado de datos para la tabla `accesscontrollist`
--

INSERT INTO `accesscontrollist` (`TARGETID`, `TYPEID`, `RESOURCEID`, `R`, `I`, `U`, `D`) VALUES
(1, 1, 1, 1, 1, 1, 1),
(1, 1, 2, 1, 1, 1, 1),
(1, 1, 3, 1, 1, 1, 1),
(1, 1, 4, 1, 1, 1, 1),
(1, 1, 5, 1, 1, 1, 1),
(1, 1, 6, 1, 1, 1, 1);

CREATE TABLE IF NOT EXISTS `groups` (
  `groups_id` INT NOT NULL AUTO_INCREMENT,
  `nombre` VARCHAR(70) NOT NULL,
  `estatus` INT(1) NOT NULL DEFAULT 1,
  PRIMARY KEY (`groups_id`),
  INDEX `groups_estatus_idx` (`estatus` ASC))
ENGINE = InnoDB;

INSERT INTO `groups` (`groups_id`, `nombre`, `estatus`) VALUES
(1, 'Administrador', 1);

CREATE TABLE IF NOT EXISTS `usersgroups` (
  `usuarios_id` INT NOT NULL DEFAULT 0,
  `groups_id` INT NOT NULL DEFAULT 0,
  INDEX `usersgroups_user_idx` (`usuarios_id` ASC),
  INDEX `usergroups_group_idx` (`groups_id` ASC))
ENGINE = InnoDB;

INSERT INTO `usersgroups` (`usuarios_id`, `groups_id`) VALUES (1, 1);


CREATE TABLE IF NOT EXISTS `menu` (
  `menu_id` INT NOT NULL AUTO_INCREMENT,
  `nombre` VARCHAR(100) NULL,
  `shortdesc` VARCHAR(255) NULL,
  `page_uri` VARCHAR(60) NULL,
  `estatus` INT(1) NOT NULL DEFAULT 1,
  `parent_id` INT NULL,
  `orden` INT NOT NULL DEFAULT 1,
  `resource_id` INT NULL,
  `icon` VARCHAR(45) NULL,
  PRIMARY KEY (`menu_id`),
  INDEX `menu_parentid_idx` (`parent_id` ASC),
  INDEX `menu_estatus_idx` (`estatus` ASC),
  INDEX `menu_orden_idx` (`orden` ASC),
  INDEX `menu_recurso_idx` (`resource_id` ASC))
ENGINE = InnoDB;

INSERT INTO `menu` 
(`menu_id`, `nombre`, `shortdesc`, `page_uri`, `estatus`, `parent_id`, `orden`, `resource_id`) VALUES
(1, 'Administración', 'Administración', '', 1, 0, 0, NULL),
(2, 'Seguridad', 'Seguridad', 'resources/', 1, 1, 0, 1),
(3, 'Menú', 'Menú', 'menu/', 1, 1, 1, 6),
(4, 'Recursos', 'Recursos', 'resources/', 1, 2, 0, 1),
(5, 'Usuarios', 'Usuarios', 'users/', 1, 2, 1, 2),
(6, 'Grupos', 'Grupos', 'groups/', 1, 2, 2, 3);


CREATE OR REPLACE VIEW v_usuarios_activos AS 
SELECT u.*, GROUP_CONCAT(g.nombre ORDER BY g.nombre SEPARATOR ', ') as grupos, GROUP_CONCAT(g.groups_id ORDER BY g.groups_id SEPARATOR ', ') as grupos_id
FROM usuarios u
INNER JOIN usersgroups ug on u.usuarios_id = ug.usuarios_id
INNER JOIN groups g ON ug.groups_id = g.groups_id
WHERE u.estatus = 1 AND g.estatus = 1
GROUP BY u.usuarios_id;

CREATE OR REPLACE VIEW v_usuarios AS 
SELECT u.*, GROUP_CONCAT(g.nombre ORDER BY g.nombre SEPARATOR ', ') as grupos, GROUP_CONCAT(g.groups_id ORDER BY g.groups_id SEPARATOR ', ') as grupos_id
FROM usuarios u
INNER JOIN usersgroups ug on u.usuarios_id = ug.usuarios_id
INNER JOIN groups g ON ug.groups_id = g.groups_id
GROUP BY u.usuarios_id;

CREATE TABLE `archivos_cargados` (
`archivos_cargados_id` INT NOT NULL AUTO_INCREMENT ,
`nombre_archivo` VARCHAR(150) NOT NULL ,
`usuarios_id` INT NOT NULL ,
`fecha_carga` DATETIME NOT NULL ,
PRIMARY KEY (`archivos_cargados_id`)) ENGINE = InnoDB;

CREATE TABLE `ejemplo_carga` (
`ejemplo_carga_id` INT NOT NULL AUTO_INCREMENT ,
`col_1` VARCHAR(150) NOT NULL ,
`col_2` VARCHAR(150) NOT NULL ,
`col_3` VARCHAR(150) NOT NULL ,
`archivos_cargados_id` INT NOT NULL ,
PRIMARY KEY (`ejemplo_carga_id`)) ENGINE = InnoDB;


CREATE TABLE IF NOT EXISTS `cat_paises` (
  `cat_paises_id` INT NOT NULL AUTO_INCREMENT,
  `clave` VARCHAR(10) NULL,
  `descripcion` VARCHAR(100) NULL,
  `estatus` INT(1) NOT NULL DEFAULT 1,
  PRIMARY KEY (`cat_paises_id`))
ENGINE = InnoDB;


INSERT INTO cat_paises (cat_paises_id,clave,descripcion,estatus) values (1,'AFG','Afghanistan',1), 
 (2,'ALA','Aland islands',1), 
 (3,'ALB','Albania',1), 
 (4,'DZA','Algeria',1), 
 (5,'ASM','American samoa',1), 
 (6,'AND','Andorra',1), 
 (7,'AGO','Angola',1), 
 (8,'AIA','Anguilla',1), 
 (9,'ATA','Antarctica',1), 
 (10,'ATG','Antigua and barbuda',1), 
 (11,'ARG','Argentina',1), 
 (12,'ARM','Armenia',1), 
 (13,'ABW','Aruba',1), 
 (14,'AUS','Australia',1), 
 (15,'AUT','Austria',1), 
 (16,'AZE','Azerbaijan',1), 
 (17,'BHS','Bahamas',1), 
 (18,'BHR','Bahrain',1), 
 (19,'BGD','Bangladesh',1), 
 (20,'BRB','Barbados',1), 
 (21,'BLR','Belarus',1), 
 (22,'BEL','Belgium',1), 
 (23,'BLZ','Belize',1), 
 (24,'BEN','Benin',1), 
 (25,'BMU','Bermuda',1), 
 (26,'BTN','Bhutan',1), 
 (27,'BOL','Bolivia',1), 
 (28,'BIH','Bosnia and herzegovina',1), 
 (29,'BWA','Botswana',1), 
 (30,'BVT','Bouvet island',1), 
 (31,'BRA','Brazil',1), 
 (32,'VGB','British virgin islands',1), 
 (33,'IOT','British indian ocean territory',1), 
 (34,'BRN','Brunei darussalam',1), 
 (35,'BGR','Bulgaria',1), 
 (36,'BFA','Burkina faso',1), 
 (37,'BDI','Burundi',1), 
 (38,'KHM','Cambodia',1), 
 (39,'CMR','Cameroon',1), 
 (40,'CAN','Canada',1), 
 (41,'CPV','Cape verde',1), 
 (42,'CYM','Cayman islands',1), 
 (43,'CAF','Central african republic',1), 
 (44,'TCD','Chad',1), 
 (45,'CHL','Chile',1), 
 (46,'CHN','China',1), 
 (47,'HKG','Hong kong, special administrative region of china',1), 
 (48,'MAC','Macao, special administrative region of china',1), 
 (49,'CXR','Christmas island',1), 
 (50,'CCK','Cocos (keeling) islands',1), 
 (51,'COL','Colombia',1), 
 (52,'COM','Comoros',1), 
 (53,'COG','Congo (brazzaville)',1), 
 (54,'COD','Congo, democratic republic of the',1), 
 (55,'COK','Cook islands',1), 
 (56,'CRI','Costa rica',1), 
 (57,'CIV','Côte d''ivoire',1), 
 (58,'HRV','Croatia',1), 
 (59,'CUB','Cuba',1), 
 (60,'CYP','Cyprus',1), 
 (61,'CZE','Czech republic',1), 
 (62,'DNK','Denmark',1), 
 (63,'DJI','Djibouti',1), 
 (64,'DMA','Dominica',1), 
 (65,'DOM','Dominican republic',1), 
 (66,'ECU','Ecuador',1), 
 (67,'EGY','Egypt',1), 
 (68,'SLV','El salvador',1), 
 (69,'GNQ','Equatorial guinea',1), 
 (70,'ERI','Eritrea',1), 
 (71,'EST','Estonia',1), 
 (72,'ETH','Ethiopia',1), 
 (73,'FLK','Falkland islands (malvinas)',1), 
 (74,'FRO','Faroe islands',1), 
 (75,'FJI','Fiji',1), 
 (76,'FIN','Finland',1), 
 (77,'FRA','France',1), 
 (78,'GUF','French guiana',1), 
 (79,'PYF','French polynesia',1), 
 (80,'ATF','French southern territories',1), 
 (81,'GAB','Gabon',1), 
 (82,'GMB','Gambia',1), 
 (83,'GEO','Georgia',1), 
 (84,'DEU','Germany',1), 
 (85,'GHA','Ghana',1), 
 (86,'GIB','Gibraltar',1), 
 (87,'GRC','Greece',1), 
 (88,'GRL','Greenland',1), 
 (89,'GRD','Grenada',1), 
 (90,'GLP','Guadeloupe',1), 
 (91,'GUM','Guam',1), 
 (92,'GTM','Guatemala',1), 
 (93,'GGY','Guernsey',1), 
 (94,'GIN','Guinea',1), 
 (95,'GNB','Guinea-bissau',1), 
 (96,'GUY','Guyana',1), 
 (97,'HTI','Haiti',1), 
 (98,'HMD','Heard island and mcdonald islands',1), 
 (99,'VAT','Holy see (vatican city state)',1), 
 (100,'HND','Honduras',1), 
 (101,'HUN','Hungary',1), 
 (102,'ISL','Iceland',1), 
 (103,'IND','India',1), 
 (104,'IDN','Indonesia',1), 
 (105,'IRN','Iran, islamic republic of',1), 
 (106,'IRQ','Iraq',1), 
 (107,'IRL','Ireland',1), 
 (108,'IMN','Isle of man',1), 
 (109,'ISR','Israel',1), 
 (110,'ITA','Italy',1), 
 (111,'JAM','Jamaica',1), 
 (112,'JPN','Japan',1), 
 (113,'JEY','Jersey',1), 
 (114,'JOR','Jordan',1), 
 (115,'KAZ','Kazakhstan',1), 
 (116,'KEN','Kenya',1), 
 (117,'KIR','Kiribati',1), 
 (118,'PRK','Korea, democratic people''s republic of',1), 
 (119,'KOR','Korea, republic of',1), 
 (120,'KWT','Kuwait',1), 
 (121,'KGZ','Kyrgyzstan',1), 
 (122,'LAO','Lao pdr',1), 
 (123,'LVA','Latvia',1), 
 (124,'LBN','Lebanon',1), 
 (125,'LSO','Lesotho',1), 
 (126,'LBR','Liberia',1), 
 (127,'LBY','Libya',1), 
 (128,'LIE','Liechtenstein',1), 
 (129,'LTU','Lithuania',1), 
 (130,'LUX','Luxembourg',1), 
 (131,'MKD','Macedonia, republic of',1), 
 (132,'MDG','Madagascar',1), 
 (133,'MWI','Malawi',1), 
 (134,'MYS','Malaysia',1), 
 (135,'MDV','Maldives',1), 
 (136,'MLI','Mali',1), 
 (137,'MLT','Malta',1), 
 (138,'MHL','Marshall islands',1), 
 (139,'MTQ','Martinique',1), 
 (140,'MRT','Mauritania',1), 
 (141,'MUS','Mauritius',1), 
 (142,'MYT','Mayotte',1), 
 (143,'MEX','Mexico',1), 
 (144,'FSM','Micronesia, federated states of',1), 
 (145,'MDA','Moldova',1), 
 (146,'MCO','Monaco',1), 
 (147,'MNG','Mongolia',1), 
 (148,'MNE','Montenegro',1), 
 (149,'MSR','Montserrat',1), 
 (150,'MAR','Morocco',1), 
 (151,'MOZ','Mozambique',1), 
 (152,'MMR','Myanmar',1), 
 (153,'NAM','Namibia',1), 
 (154,'NRU','Nauru',1), 
 (155,'NPL','Nepal',1), 
 (156,'NLD','Netherlands',1), 
 (157,'ANT','Netherlands antilles',1), 
 (158,'NCL','New caledonia',1), 
 (159,'NZL','New zealand',1), 
 (160,'NIC','Nicaragua',1), 
 (161,'NER','Niger',1), 
 (162,'NGA','Nigeria',1), 
 (163,'NIU','Niue',1), 
 (164,'NFK','Norfolk island',1), 
 (165,'MNP','Northern mariana islands',1), 
 (166,'NOR','Norway',1), 
 (167,'OMN','Oman',1), 
 (168,'PAK','Pakistan',1), 
 (169,'PLW','Palau',1), 
 (170,'PSE','Palestinian territory, occupied',1), 
 (171,'PAN','Panama',1), 
 (172,'PNG','Papua new guinea',1), 
 (173,'PRY','Paraguay',1), 
 (174,'PER','Peru',1), 
 (175,'PHL','Philippines',1), 
 (176,'PCN','Pitcairn',1), 
 (177,'POL','Poland',1), 
 (178,'PRT','Portugal',1), 
 (179,'PRI','Puerto rico',1), 
 (180,'QAT','Qatar',1), 
 (181,'REU','Réunion',1), 
 (182,'ROU','Romania',1), 
 (183,'RUS','Russian federation',1), 
 (184,'RWA','Rwanda',1), 
 (185,'BLM','Saint-barthélemy',1), 
 (186,'SHN','Saint helena',1), 
 (187,'KNA','Saint kitts and nevis',1), 
 (188,'LCA','Saint lucia',1), 
 (189,'MAF','Saint-martin (french part)',1), 
 (190,'SPM','Saint pierre and miquelon',1), 
 (191,'VCT','Saint vincent and grenadines',1), 
 (192,'WSM','Samoa',1), 
 (193,'SMR','San marino',1), 
 (194,'STP','Sao tome and principe',1), 
 (195,'SAU','Saudi arabia',1), 
 (196,'SEN','Senegal',1), 
 (197,'SRB','Serbia',1), 
 (198,'SYC','Seychelles',1), 
 (199,'SLE','Sierra leone',1), 
 (200,'SGP','Singapore',1), 
 (201,'SVK','Slovakia',1), 
 (202,'SVN','Slovenia',1), 
 (203,'SLB','Solomon islands',1), 
 (204,'SOM','Somalia',1), 
 (205,'ZAF','South africa',1), 
 (206,'SGS','South georgia and the south sandwich islands',1), 
 (207,'SSD','South sudan',1), 
 (208,'ESP','Spain',1), 
 (209,'LKA','Sri lanka',1), 
 (210,'SDN','Sudan',1), 
 (211,'SUR','Suriname *',1), 
 (212,'SJM','Svalbard and jan mayen islands',1), 
 (213,'SWZ','Swaziland',1), 
 (214,'SWE','Sweden',1), 
 (215,'CHE','Switzerland',1), 
 (216,'SYR','Syrian arab republic (syria)',1), 
 (217,'TWN','Taiwan, republic of china',1), 
 (218,'TJK','Tajikistan',1), 
 (219,'TZA','Tanzania *, united republic of',1), 
 (220,'THA','Thailand',1), 
 (221,'TLS','Timor-leste',1), 
 (222,'TGO','Togo',1), 
 (223,'TKL','Tokelau',1), 
 (224,'TON','Tonga',1), 
 (225,'TTO','Trinidad and tobago',1), 
 (226,'TUN','Tunisia',1), 
 (227,'TUR','Turkey',1), 
 (228,'TKM','Turkmenistan',1), 
 (229,'TCA','Turks and caicos islands',1), 
 (230,'TUV','Tuvalu',1), 
 (231,'UGA','Uganda',1), 
 (232,'UKR','Ukraine',1), 
 (233,'ARE','United arab emirates',1), 
 (234,'GBR','United kingdom',1), 
 (235,'USA','United states of america',1), 
 (236,'UMI','United states minor outlying islands',1), 
 (237,'URY','Uruguay',1), 
 (238,'UZB','Uzbekistan',1), 
 (239,'VUT','Vanuatu',1), 
 (240,'VEN','Venezuela (bolivarian republic of)',1), 
 (241,'VNM','Viet nam',1), 
 (242,'VIR','Virgin islands, us',1), 
 (243,'WLF','Wallis and futuna islands',1), 
 (244,'ESH','Western sahara',1), 
 (245,'YEM','Yemen',1), 
 (246,'ZMB','Zambia',1), 
 (247,'ZWE','Zimbabwe',1);
 
 CREATE TABLE IF NOT EXISTS `cat_estados` (
  `cat_estados_id` INT NOT NULL AUTO_INCREMENT,
  `clave` VARCHAR(10) NULL,
  `descripcion` VARCHAR(50) NULL,
  `estatus` INT(1) NOT NULL DEFAULT 1,
  `cat_paises_id` INT NOT NULL DEFAULT 0,
  PRIMARY KEY (`cat_estados_id`),
  INDEX `cat_estados_paises_idx` (`cat_paises_id` ASC))
ENGINE = InnoDB;

INSERT INTO cat_estados (cat_estados_id,clave,descripcion,estatus, cat_paises_id) values(1,'01','AGUASCALIENTES',1, 143), 
 (2,'02','BAJA CALIFORNIA',1, 143), 
 (3,'03','BAJA CALIFORNIA SUR',1, 143), 
 (4,'04','CAMPECHE',1, 143), 
 (5,'05','COAHUILA DE ZARAGOZA',1, 143), 
 (6,'06','COLIMA',1, 143), 
 (7,'07','CHIAPAS',1, 143), 
 (8,'08','CHIHUAHUA',1, 143), 
 (9,'09','CIUDAD DE MÉXICO',1, 143), 
 (10,'10','DURANGO',1, 143), 
 (11,'11','GUANAJUATO',1, 143), 
 (12,'12','GUERRERO',1, 143), 
 (13,'13','HIDALGO',1, 143), 
 (14,'14','JALISCO',1, 143), 
 (15,'15','MÉXICO',1, 143), 
 (16,'16','MICHOACÁN DE OCAMPO',1, 143), 
 (17,'17','MORELOS',1, 143), 
 (18,'18','NAYARIT',1, 143), 
 (19,'19','NUEVO LEÓN',1, 143), 
 (20,'20','OAXACA',1, 143), 
 (21,'21','PUEBLA',1, 143), 
 (22,'22','QUERÉTARO',1, 143), 
 (23,'23','QUINTANA ROO',1, 143), 
 (24,'24','SAN LUIS POTOSÍ',1, 143), 
 (25,'25','SINALOA',1, 143), 
 (26,'26','SONORA',1, 143), 
 (27,'27','TABASCO',1, 143), 
 (28,'28','TAMAULIPAS',1, 143), 
 (29,'29','TLAXCALA',1, 143), 
 (30,'30','VERACRUZ DE IGNACIO DE LA LLAVE',1, 143), 
 (31,'31','YUCATÁN',1, 143), 
 (32,'32','ZACATECAS',1, 143);
 
 CREATE TABLE IF NOT EXISTS `cat_municipios` (
  `cat_municipios_id` INT NOT NULL AUTO_INCREMENT,
  `clave` VARCHAR(15) NULL,
  `descripcion` VARCHAR(100) NULL,
  `estatus` INT(1) NOT NULL DEFAULT 1,
  `cat_estados_id` INT(1) NOT NULL DEFAULT 1,
  PRIMARY KEY (`cat_municipios_id`),
  INDEX `cat_municipios_estados_idx` (`cat_estados_id` ASC))
ENGINE = InnoDB;

INSERT INTO cat_municipios (cat_municipios_id,cat_estados_id,clave,descripcion,estatus) values 
 (1,1,'001','Aguascalientes',1), 
 (2,1,'002','Asientos',1), 
 (3,1,'003','Calvillo',1), 
 (4,1,'004','Cosío',1), 
 (5,1,'005','Jesús maría',1), 
 (6,1,'006','Pabellón de arteaga',1), 
 (7,1,'007','Rincón de romos',1), 
 (8,1,'008','San josé de gracia',1), 
 (9,1,'009','Tepezalá',1), 
 (10,1,'010','El llano',1), 
 (11,1,'011','San francisco de los romo',1), 
 (12,2,'001','Ensenada',1), 
 (13,2,'002','Mexicali',1), 
 (14,2,'003','Tecate',1), 
 (15,2,'004','Tijuana',1), 
 (16,2,'005','Playas de rosarito',1), 
 (17,3,'001','Comondú',1), 
 (18,3,'002','Mulegé',1), 
 (19,3,'003','La paz',1), 
 (20,3,'008','Los cabos',1), 
 (21,3,'009','Loreto',1), 
 (22,4,'001','Calkiní',1), 
 (23,4,'002','Campeche',1), 
 (24,4,'003','Carmen',1), 
 (25,4,'004','Champotón',1), 
 (26,4,'005','Hecelchakán',1), 
 (27,4,'006','Hopelchén',1), 
 (28,4,'007','Palizada',1), 
 (29,4,'008','Tenabo',1), 
 (30,4,'009','Escárcega',1), 
 (31,4,'010','Calakmul',1), 
 (32,4,'011','Candelaria',1), 
 (33,5,'001','Abasolo',1), 
 (34,5,'002','Acuña',1), 
 (35,5,'003','Allende',1), 
 (36,5,'004','Arteaga',1), 
 (37,5,'005','Candela',1), 
 (38,5,'006','Castaños',1), 
 (39,5,'007','Cuatro ciénegas',1), 
 (40,5,'008','Escobedo',1), 
 (41,5,'009','Francisco i. madero',1), 
 (42,5,'010','Frontera',1), 
 (43,5,'011','General cepeda',1), 
 (44,5,'012','Guerrero',1), 
 (45,5,'013','Hidalgo',1), 
 (46,5,'014','Jiménez',1), 
 (47,5,'015','Juárez',1), 
 (48,5,'016','Lamadrid',1), 
 (49,5,'017','Matamoros',1), 
 (50,5,'018','Monclova',1), 
 (51,5,'019','Morelos',1), 
 (52,5,'020','Múzquiz',1), 
 (53,5,'021','Nadadores',1), 
 (54,5,'022','Nava',1), 
 (55,5,'023','Ocampo',1), 
 (56,5,'024','Parras',1), 
 (57,5,'025','Piedras negras',1), 
 (58,5,'026','Progreso',1), 
 (59,5,'027','Ramos arizpe',1), 
 (60,5,'028','Sabinas',1), 
 (61,5,'029','Sacramento',1), 
 (62,5,'030','Saltillo',1), 
 (63,5,'031','San buenaventura',1), 
 (64,5,'032','San juan de sabinas',1), 
 (65,5,'033','San pedro',1), 
 (66,5,'034','Sierra mojada',1), 
 (67,5,'035','Torreón',1), 
 (68,5,'036','Viesca',1), 
 (69,5,'037','Villa unión',1), 
 (70,5,'038','Zaragoza',1), 
 (71,6,'001','Armería',1), 
 (72,6,'002','Colima',1), 
 (73,6,'003','Comala',1), 
 (74,6,'004','Coquimatlán',1), 
 (75,6,'005','Cuauhtémoc',1), 
 (76,6,'006','Ixtlahuacán',1), 
 (77,6,'007','Manzanillo',1), 
 (78,6,'008','Minatitlán',1), 
 (79,6,'009','Tecomán',1), 
 (80,6,'010','Villa de álvarez',1), 
 (81,7,'001','Acacoyagua',1), 
 (82,7,'002','Acala',1), 
 (83,7,'003','Acapetahua',1), 
 (84,7,'004','Altamirano',1), 
 (85,7,'005','Amatán',1), 
 (86,7,'006','Amatenango de la frontera',1), 
 (87,7,'007','Amatenango del valle',1), 
 (88,7,'008','Angel albino corzo',1), 
 (89,7,'009','Arriaga',1), 
 (90,7,'010','Bejucal de ocampo',1), 
 (91,7,'011','Bella vista',1), 
 (92,7,'012','Berriozábal',1), 
 (93,7,'013','Bochil',1), 
 (94,7,'014','El bosque',1), 
 (95,7,'015','Cacahoatán',1), 
 (96,7,'016','Catazajá',1), 
 (97,7,'017','Cintalapa',1), 
 (98,7,'018','Coapilla',1), 
 (99,7,'019','Comitán de domínguez',1), 
 (100,7,'020','La concordia',1), 
 (101,7,'021','Copainalá',1), 
 (102,7,'022','Chalchihuitán',1), 
 (103,7,'023','Chamula',1), 
 (104,7,'024','Chanal',1), 
 (105,7,'025','Chapultenango',1), 
 (106,7,'026','Chenalhó',1), 
 (107,7,'027','Chiapa de corzo',1), 
 (108,7,'028','Chiapilla',1), 
 (109,7,'029','Chicoasén',1), 
 (110,7,'030','Chicomuselo',1), 
 (111,7,'031','Chilón',1), 
 (112,7,'032','Escuintla',1), 
 (113,7,'033','Francisco león',1), 
 (114,7,'034','Frontera comalapa',1), 
 (115,7,'035','Frontera hidalgo',1), 
 (116,7,'036','La grandeza',1), 
 (117,7,'037','Huehuetán',1), 
 (118,7,'038','Huixtán',1), 
 (119,7,'039','Huitiupán',1), 
 (120,7,'040','Huixtla',1), 
 (121,7,'041','La independencia',1), 
 (122,7,'042','Ixhuatán',1), 
 (123,7,'043','Ixtacomitán',1), 
 (124,7,'044','Ixtapa',1), 
 (125,7,'045','Ixtapangajoya',1), 
 (126,7,'046','Jiquipilas',1), 
 (127,7,'047','Jitotol',1), 
 (128,7,'048','Juárez',1), 
 (129,7,'049','Larráinzar',1), 
 (130,7,'050','La libertad',1), 
 (131,7,'051','Mapastepec',1), 
 (132,7,'052','Las margaritas',1), 
 (133,7,'053','Mazapa de madero',1), 
 (134,7,'054','Mazatán',1), 
 (135,7,'055','Metapa',1), 
 (136,7,'056','Mitontic',1), 
 (137,7,'057','Motozintla',1), 
 (138,7,'058','Nicolás ruíz',1), 
 (139,7,'059','Ocosingo',1), 
 (140,7,'060','Ocotepec',1), 
 (141,7,'061','Ocozocoautla de espinosa',1), 
 (142,7,'062','Ostuacán',1), 
 (143,7,'063','Osumacinta',1), 
 (144,7,'064','Oxchuc',1), 
 (145,7,'065','Palenque',1), 
 (146,7,'066','Pantelhó',1), 
 (147,7,'067','Pantepec',1), 
 (148,7,'068','Pichucalco',1), 
 (149,7,'069','Pijijiapan',1), 
 (150,7,'070','El porvenir',1), 
 (151,7,'071','Villa comaltitlán',1), 
 (152,7,'072','Pueblo nuevo solistahuacán',1), 
 (153,7,'073','Rayón',1), 
 (154,7,'074','Reforma',1), 
 (155,7,'075','Las rosas',1), 
 (156,7,'076','Sabanilla',1), 
 (157,7,'077','Salto de agua',1), 
 (158,7,'078','San cristóbal de las casas',1), 
 (159,7,'079','San fernando',1), 
 (160,7,'080','Siltepec',1), 
 (161,7,'081','Simojovel',1), 
 (162,7,'082','Sitalá',1), 
 (163,7,'083','Socoltenango',1), 
 (164,7,'084','Solosuchiapa',1), 
 (165,7,'085','Soyaló',1), 
 (166,7,'086','Suchiapa',1), 
 (167,7,'087','Suchiate',1), 
 (168,7,'088','Sunuapa',1), 
 (169,7,'089','Tapachula',1), 
 (170,7,'090','Tapalapa',1), 
 (171,7,'091','Tapilula',1), 
 (172,7,'092','Tecpatán',1), 
 (173,7,'093','Tenejapa',1), 
 (174,7,'094','Teopisca',1), 
 (175,7,'096','Tila',1), 
 (176,7,'097','Tonalá',1), 
 (177,7,'098','Totolapa',1), 
 (178,7,'099','La trinitaria',1), 
 (179,7,'100','Tumbalá',1), 
 (180,7,'101','Tuxtla gutiérrez',1), 
 (181,7,'102','Tuxtla chico',1), 
 (182,7,'103','Tuzantán',1), 
 (183,7,'104','Tzimol',1), 
 (184,7,'105','Unión juárez',1), 
 (185,7,'106','Venustiano carranza',1), 
 (186,7,'107','Villa corzo',1), 
 (187,7,'108','Villaflores',1), 
 (188,7,'109','Yajalón',1), 
 (189,7,'110','San lucas',1), 
 (190,7,'111','Zinacantán',1), 
 (191,7,'112','San juan cancuc',1), 
 (192,7,'113','Aldama',1), 
 (193,7,'114','Benemérito de las américas',1), 
 (194,7,'115','Maravilla tenejapa',1), 
 (195,7,'116','Marqués de comillas',1), 
 (196,7,'117','Montecristo de guerrero',1), 
 (197,7,'118','San andrés duraznal',1), 
 (198,7,'119','Santiago el pinar',1), 
 (199,8,'001','Ahumada',1), 
 (200,8,'002','Aldama',1), 
 (201,8,'003','Allende',1), 
 (202,8,'004','Aquiles serdán',1), 
 (203,8,'005','Ascensión',1), 
 (204,8,'006','Bachíniva',1), 
 (205,8,'007','Balleza',1), 
 (206,8,'008','Batopilas',1), 
 (207,8,'009','Bocoyna',1), 
 (208,8,'010','Buenaventura',1), 
 (209,8,'011','Camargo',1), 
 (210,8,'012','Carichí',1), 
 (211,8,'013','Casas grandes',1), 
 (212,8,'014','Coronado',1), 
 (213,8,'015','Coyame del sotol',1), 
 (214,8,'016','La cruz',1), 
 (215,8,'017','Cuauhtémoc',1), 
 (216,8,'018','Cusihuiriachi',1), 
 (217,8,'019','Chihuahua',1), 
 (218,8,'020','Chínipas',1), 
 (219,8,'021','Delicias',1), 
 (220,8,'022','Dr. belisario domínguez',1), 
 (221,8,'023','Galeana',1), 
 (222,8,'024','Santa isabel',1), 
 (223,8,'025','Gómez farías',1), 
 (224,8,'026','Gran morelos',1), 
 (225,8,'027','Guachochi',1), 
 (226,8,'028','Guadalupe',1), 
 (227,8,'029','Guadalupe y calvo',1), 
 (228,8,'030','Guazapares',1), 
 (229,8,'031','Guerrero',1), 
 (230,8,'032','Hidalgo del parral',1), 
 (231,8,'033','Huejotitán',1), 
 (232,8,'034','Ignacio zaragoza',1), 
 (233,8,'035','Janos',1), 
 (234,8,'036','Jiménez',1), 
 (235,8,'037','Juárez',1), 
 (236,8,'038','Julimes',1), 
 (237,8,'039','López',1), 
 (238,8,'040','Madera',1), 
 (239,8,'041','Maguarichi',1), 
 (240,8,'042','Manuel benavides',1), 
 (241,8,'043','Matachí',1), 
 (242,8,'044','Matamoros',1), 
 (243,8,'045','Meoqui',1), 
 (244,8,'046','Morelos',1), 
 (245,8,'047','Moris',1), 
 (246,8,'048','Namiquipa',1), 
 (247,8,'049','Nonoava',1), 
 (248,8,'050','Nuevo casas grandes',1), 
 (249,8,'051','Ocampo',1), 
 (250,8,'052','Ojinaga',1), 
 (251,8,'053','Praxedis g. guerrero',1), 
 (252,8,'054','Riva palacio',1), 
 (253,8,'055','Rosales',1), 
 (254,8,'056','Rosario',1), 
 (255,8,'057','San francisco de borja',1), 
 (256,8,'058','San francisco de conchos',1), 
 (257,8,'059','San francisco del oro',1), 
 (258,8,'060','Santa bárbara',1), 
 (259,8,'061','Satevó',1), 
 (260,8,'062','Saucillo',1), 
 (261,8,'063','Temósachic',1), 
 (262,8,'064','El tule',1), 
 (263,8,'065','Urique',1), 
 (264,8,'066','Uruachi',1), 
 (265,8,'067','Valle de zaragoza',1), 
 (266,9,'002','Azcapotzalco',1), 
 (267,9,'003','Coyoacán',1), 
 (268,9,'004','Cuajimalpa de morelos',1), 
 (269,9,'005','Gustavo a. madero',1), 
 (270,9,'006','Iztacalco',1), 
 (271,9,'007','Iztapalapa',1), 
 (272,9,'008','La magdalena contreras',1), 
 (273,9,'009','Milpa alta',1), 
 (274,9,'010','Álvaro obregón',1), 
 (275,9,'011','Tláhuac',1), 
 (276,9,'012','Tlalpan',1), 
 (277,9,'013','Xochimilco',1), 
 (278,9,'014','Benito juárez',1), 
 (279,9,'015','Cuauhtémoc',1), 
 (280,9,'016','Miguel hidalgo',1), 
 (281,9,'017','Venustiano carranza',1), 
 (282,10,'001','Canatlán',1), 
 (283,10,'002','Canelas',1), 
 (284,10,'003','Coneto de comonfort',1), 
 (285,10,'004','Cuencamé',1), 
 (286,10,'005','Durango',1), 
 (287,10,'006','General simón bolívar',1), 
 (288,10,'007','Gómez palacio',1), 
 (289,10,'008','Guadalupe victoria',1), 
 (290,10,'009','Guanaceví',1), 
 (291,10,'010','Hidalgo',1), 
 (292,10,'011','Indé',1), 
 (293,10,'012','Lerdo',1), 
 (294,10,'013','Mapimí',1), 
 (295,10,'014','Mezquital',1), 
 (296,10,'015','Nazas',1), 
 (297,10,'016','descripcion de dios',1), 
 (298,10,'017','Ocampo',1), 
 (299,10,'018','El oro',1), 
 (300,10,'019','Otáez',1), 
 (301,10,'020','Pánuco de coronado',1), 
 (302,10,'021','Peñón blanco',1), 
 (303,10,'022','Poanas',1), 
 (304,10,'023','Pueblo nuevo',1), 
 (305,10,'024','Rodeo',1), 
 (306,10,'025','San bernardo',1), 
 (307,10,'026','San dimas',1), 
 (308,10,'027','San juan de guadalupe',1), 
 (309,10,'028','San juan del río',1), 
 (310,10,'029','San luis del cordero',1), 
 (311,10,'030','San pedro del gallo',1), 
 (312,10,'031','Santa clara',1), 
 (313,10,'032','Santiago papasquiaro',1), 
 (314,10,'033','Súchil',1), 
 (315,10,'034','Tamazula',1), 
 (316,10,'035','Tepehuanes',1), 
 (317,10,'036','Tlahualilo',1), 
 (318,10,'037','Topia',1), 
 (319,10,'038','Vicente guerrero',1), 
 (320,10,'039','Nuevo ideal',1), 
 (321,11,'001','Abasolo',1), 
 (322,11,'002','Acámbaro',1), 
 (323,11,'003','San miguel de allende',1), 
 (324,11,'004','Apaseo el alto',1), 
 (325,11,'005','Apaseo el grande',1), 
 (326,11,'006','Atarjea',1), 
 (327,11,'007','Celaya',1), 
 (328,11,'008','Manuel doblado',1), 
 (329,11,'009','Comonfort',1), 
 (330,11,'010','Coroneo',1), 
 (331,11,'011','Cortazar',1), 
 (332,11,'012','Cuerámaro',1), 
 (333,11,'013','Doctor mora',1), 
 (334,11,'014','Dolores hidalgo cuna de la independencia nacional',1), 
 (335,11,'015','Guanajuato',1), 
 (336,11,'016','Huanímaro',1), 
 (337,11,'017','Irapuato',1), 
 (338,11,'018','Jaral del progreso',1), 
 (339,11,'019','Jerécuaro',1), 
 (340,11,'020','León',1), 
 (341,11,'021','Moroleón',1), 
 (342,11,'022','Ocampo',1), 
 (343,11,'023','Pénjamo',1), 
 (344,11,'024','Pueblo nuevo',1), 
 (345,11,'025','Purísima del rincón',1), 
 (346,11,'026','Romita',1), 
 (347,11,'027','Salamanca',1), 
 (348,11,'028','Salvatierra',1), 
 (349,11,'029','San diego de la unión',1), 
 (350,11,'030','San felipe',1), 
 (351,11,'031','San francisco del rincón',1), 
 (352,11,'032','San josé iturbide',1), 
 (353,11,'033','San luis de la paz',1), 
 (354,11,'034','Santa catarina',1), 
 (355,11,'035','Santa cruz de juventino rosas',1), 
 (356,11,'036','Santiago maravatío',1), 
 (357,11,'037','Silao',1), 
 (358,11,'038','Tarandacuao',1), 
 (359,11,'039','Tarimoro',1), 
 (360,11,'040','Tierra blanca',1), 
 (361,11,'041','Uriangato',1), 
 (362,11,'042','Valle de santiago',1), 
 (363,11,'043','Victoria',1), 
 (364,11,'044','Villagrán',1), 
 (365,11,'045','Xichú',1), 
 (366,11,'046','Yuriria',1), 
 (367,12,'001','Acapulco de juárez',1), 
 (368,12,'002','Ahuacuotzingo',1), 
 (369,12,'003','Ajuchitlán del progreso',1), 
 (370,12,'004','Alcozauca de guerrero',1), 
 (371,12,'005','Alpoyeca',1), 
 (372,12,'006','Apaxtla',1), 
 (373,12,'007','Arcelia',1), 
 (374,12,'008','Atenango del río',1), 
 (375,12,'009','Atlamajalcingo del monte',1), 
 (376,12,'010','Atlixtac',1), 
 (377,12,'011','Atoyac de álvarez',1), 
 (378,12,'012','Ayutla de los libres',1), 
 (379,12,'013','Azoyú',1), 
 (380,12,'014','Benito juárez',1), 
 (381,12,'015','Buenavista de cuéllar',1), 
 (382,12,'016','Coahuayutla de josé maría izazaga',1), 
 (383,12,'017','Cocula',1), 
 (384,12,'018','Copala',1), 
 (385,12,'019','Copalillo',1), 
 (386,12,'020','Copanatoyac',1), 
 (387,12,'021','Coyuca de benítez',1), 
 (388,12,'022','Coyuca de catalán',1), 
 (389,12,'023','Cuajinicuilapa',1), 
 (390,12,'024','Cualác',1), 
 (391,12,'025','Cuautepec',1), 
 (392,12,'026','Cuetzala del progreso',1), 
 (393,12,'027','Cutzamala de pinzón',1), 
 (394,12,'028','Chilapa de álvarez',1), 
 (395,12,'029','Chilpancingo de los bravo',1), 
 (396,12,'030','Florencio villarreal',1), 
 (397,12,'031','General canuto a. neri',1), 
 (398,12,'032','General heliodoro castillo',1), 
 (399,12,'033','Huamuxtitlán',1), 
 (400,12,'034','Huitzuco de los figueroa',1), 
 (401,12,'035','Iguala de la independencia',1), 
 (402,12,'036','Igualapa',1), 
 (403,12,'037','Ixcateopan de cuauhtémoc',1), 
 (404,12,'038','Zihuatanejo de azueta',1), 
 (405,12,'039','Juan r. escudero',1), 
 (406,12,'040','Leonardo bravo',1), 
 (407,12,'041','Malinaltepec',1), 
 (408,12,'042','Mártir de cuilapan',1), 
 (409,12,'043','Metlatónoc',1), 
 (410,12,'044','Mochitlán',1), 
 (411,12,'045','Olinalá',1), 
 (412,12,'046','Ometepec',1), 
 (413,12,'047','Pedro ascencio alquisiras',1), 
 (414,12,'048','Petatlán',1), 
 (415,12,'049','Pilcaya',1), 
 (416,12,'050','Pungarabato',1), 
 (417,12,'051','Quechultenango',1), 
 (418,12,'052','San luis acatlán',1), 
 (419,12,'053','San marcos',1), 
 (420,12,'054','San miguel totolapan',1), 
 (421,12,'055','Taxco de alarcón',1), 
 (422,12,'056','Tecoanapa',1), 
 (423,12,'057','Técpan de galeana',1), 
 (424,12,'058','Teloloapan',1), 
 (425,12,'059','Tepecoacuilco de trujano',1), 
 (426,12,'060','Tetipac',1), 
 (427,12,'061','Tixtla de guerrero',1), 
 (428,12,'062','Tlacoachistlahuaca',1), 
 (429,12,'063','Tlacoapa',1), 
 (430,12,'064','Tlalchapa',1), 
 (431,12,'065','Tlalixtaquilla de maldonado',1), 
 (432,12,'066','Tlapa de comonfort',1), 
 (433,12,'067','Tlapehuala',1), 
 (434,12,'068','La unión de isidoro montes de oca',1), 
 (435,12,'069','Xalpatláhuac',1), 
 (436,12,'070','Xochihuehuetlán',1), 
 (437,12,'071','Xochistlahuaca',1), 
 (438,12,'072','Zapotitlán tablas',1), 
 (439,12,'073','Zirándaro',1), 
 (440,12,'074','Zitlala',1), 
 (441,12,'075','Eduardo neri',1), 
 (442,12,'076','Acatepec',1), 
 (443,12,'077','Marquelia',1), 
 (444,12,'078','Cochoapa el grande',1), 
 (445,12,'079','José joaquin de herrera',1), 
 (446,12,'080','Juchitán',1), 
 (447,12,'081','Iliatenco',1), 
 (448,13,'001','Acatlán',1), 
 (449,13,'002','Acaxochitlán',1), 
 (450,13,'003','Actopan',1), 
 (451,13,'004','Agua blanca de iturbide',1), 
 (452,13,'005','Ajacuba',1), 
 (453,13,'006','Alfajayucan',1), 
 (454,13,'007','Almoloya',1), 
 (455,13,'008','Apan',1), 
 (456,13,'009','El arenal',1), 
 (457,13,'010','Atitalaquia',1), 
 (458,13,'011','Atlapexco',1), 
 (459,13,'012','Atotonilco el grande',1), 
 (460,13,'013','Atotonilco de tula',1), 
 (461,13,'014','Calnali',1), 
 (462,13,'015','Cardonal',1), 
 (463,13,'016','Cuautepec de hinojosa',1), 
 (464,13,'017','Chapantongo',1), 
 (465,13,'018','Chapulhuacán',1), 
 (466,13,'019','Chilcuautla',1), 
 (467,13,'020','Eloxochitlán',1), 
 (468,13,'021','Emiliano zapata',1), 
 (469,13,'022','Epazoyucan',1), 
 (470,13,'023','Francisco i. madero',1), 
 (471,13,'024','Huasca de ocampo',1), 
 (472,13,'025','Huautla',1), 
 (473,13,'026','Huazalingo',1), 
 (474,13,'027','Huehuetla',1), 
 (475,13,'028','Huejutla de reyes',1), 
 (476,13,'029','Huichapan',1), 
 (477,13,'030','Ixmiquilpan',1), 
 (478,13,'031','Jacala de ledezma',1), 
 (479,13,'032','Jaltocán',1), 
 (480,13,'033','Juárez hidalgo',1), 
 (481,13,'034','Lolotla',1), 
 (482,13,'035','Metepec',1), 
 (483,13,'036','San agustín metzquititlán',1), 
 (484,13,'037','Metztitlán',1), 
 (485,13,'038','Mineral del chico',1), 
 (486,13,'039','Mineral del monte',1), 
 (487,13,'040','La misión',1), 
 (488,13,'041','Mixquiahuala de juárez',1), 
 (489,13,'042','Molango de escamilla',1), 
 (490,13,'043','Nicolás flores',1), 
 (491,13,'044','Nopala de villagrán',1), 
 (492,13,'045','Omitlán de juárez',1), 
 (493,13,'046','San felipe orizatlán',1), 
 (494,13,'047','Pacula',1), 
 (495,13,'048','Pachuca de soto',1), 
 (496,13,'049','Pisaflores',1), 
 (497,13,'050','Progreso de obregón',1), 
 (498,13,'051','Mineral de la reforma',1), 
 (499,13,'052','San agustín tlaxiaca',1), 
 (500,13,'053','San bartolo tutotepec',1), 
 (501,13,'054','San salvador',1), 
 (502,13,'055','Santiago de anaya',1), 
 (503,13,'056','Santiago tulantepec de lugo guerrero',1), 
 (504,13,'057','Singuilucan',1), 
 (505,13,'058','Tasquillo',1), 
 (506,13,'059','Tecozautla',1), 
 (507,13,'060','Tenango de doria',1), 
 (508,13,'061','Tepeapulco',1), 
 (509,13,'062','Tepehuacán de guerrero',1), 
 (510,13,'063','Tepeji del río de ocampo',1), 
 (511,13,'064','Tepetitlán',1), 
 (512,13,'065','Tetepango',1), 
 (513,13,'066','Villa de tezontepec',1), 
 (514,13,'067','Tezontepec de aldama',1), 
 (515,13,'068','Tianguistengo',1), 
 (516,13,'069','Tizayuca',1), 
 (517,13,'070','Tlahuelilpan',1), 
 (518,13,'071','Tlahuiltepa',1), 
 (519,13,'072','Tlanalapa',1), 
 (520,13,'073','Tlanchinol',1), 
 (521,13,'074','Tlaxcoapan',1), 
 (522,13,'075','Tolcayuca',1), 
 (523,13,'076','Tula de allende',1), 
 (524,13,'077','Tulancingo de bravo',1), 
 (525,13,'078','Xochiatipan',1), 
 (526,13,'079','Xochicoatlán',1), 
 (527,13,'080','Yahualica',1), 
 (528,13,'081','Zacualtipán de ángeles',1), 
 (529,13,'082','Zapotlán de juárez',1), 
 (530,13,'083','Zempoala',1), 
 (531,13,'084','Zimapán',1), 
 (532,14,'001','Acatic',1), 
 (533,14,'002','Acatlán de juárez',1), 
 (534,14,'003','Ahualulco de mercado',1), 
 (535,14,'004','Amacueca',1), 
 (536,14,'005','Amatitán',1), 
 (537,14,'006','Ameca',1), 
 (538,14,'007','San juanito de escobedo',1), 
 (539,14,'008','Arandas',1), 
 (540,14,'009','El arenal',1), 
 (541,14,'010','Atemajac de brizuela',1), 
 (542,14,'011','Atengo',1), 
 (543,14,'012','Atenguillo',1), 
 (544,14,'013','Atotonilco el alto',1), 
 (545,14,'014','Atoyac',1), 
 (546,14,'015','Autlán de navarro',1), 
 (547,14,'016','Ayotlán',1), 
 (548,14,'017','Ayutla',1), 
 (549,14,'018','La barca',1), 
 (550,14,'019','Bolaños',1), 
 (551,14,'020','Cabo corrientes',1), 
 (552,14,'021','Casimiro castillo',1), 
 (553,14,'022','Cihuatlán',1), 
 (554,14,'023','Zapotlán el grande',1), 
 (555,14,'024','Cocula',1), 
 (556,14,'025','Colotlán',1), 
 (557,14,'026','Concepción de buenos aires',1), 
 (558,14,'027','Cuautitlán de garcía barragán',1), 
 (559,14,'028','Cuautla',1), 
 (560,14,'029','Cuquío',1), 
 (561,14,'030','Chapala',1), 
 (562,14,'031','Chimaltitán',1), 
 (563,14,'032','Chiquilistlán',1), 
 (564,14,'033','Degollado',1), 
 (565,14,'034','Ejutla',1), 
 (566,14,'035','Encarnación de díaz',1), 
 (567,14,'036','Etzatlán',1), 
 (568,14,'037','El grullo',1), 
 (569,14,'038','Guachinango',1), 
 (570,14,'039','Guadalajara',1), 
 (571,14,'040','Hostotipaquillo',1), 
 (572,14,'041','Huejúcar',1), 
 (573,14,'042','Huejuquilla el alto',1), 
 (574,14,'043','La huerta',1), 
 (575,14,'044','Ixtlahuacán de los membrillos',1), 
 (576,14,'045','Ixtlahuacán del río',1), 
 (577,14,'046','Jalostotitlán',1), 
 (578,14,'047','Jamay',1), 
 (579,14,'048','Jesús maría',1), 
 (580,14,'049','Jilotlán de los dolores',1), 
 (581,14,'050','Jocotepec',1), 
 (582,14,'051','Juanacatlán',1), 
 (583,14,'052','Juchitlán',1), 
 (584,14,'053','Lagos de moreno',1), 
 (585,14,'054','El limón',1), 
 (586,14,'055','Magdalena',1), 
 (587,14,'056','Santa maría del oro',1), 
 (588,14,'057','La manzanilla de la paz',1), 
 (589,14,'058','Mascota',1), 
 (590,14,'059','Mazamitla',1), 
 (591,14,'060','Mexticacán',1), 
 (592,14,'061','Mezquitic',1), 
 (593,14,'062','Mixtlán',1), 
 (594,14,'063','Ocotlán',1), 
 (595,14,'064','Ojuelos de jalisco',1), 
 (596,14,'065','Pihuamo',1), 
 (597,14,'066','Poncitlán',1), 
 (598,14,'067','Puerto vallarta',1), 
 (599,14,'068','Villa purificación',1), 
 (600,14,'069','Quitupan',1), 
 (601,14,'070','El salto',1), 
 (602,14,'071','San cristóbal de la barranca',1), 
 (603,14,'072','San diego de alejandría',1), 
 (604,14,'073','San juan de los lagos',1), 
 (605,14,'074','San julián',1), 
 (606,14,'075','San marcos',1), 
 (607,14,'076','San martín de bolaños',1), 
 (608,14,'077','San martín hidalgo',1), 
 (609,14,'078','San miguel el alto',1), 
 (610,14,'079','Gómez farías',1), 
 (611,14,'080','San sebastián del oeste',1), 
 (612,14,'081','Santa maría de los ángeles',1), 
 (613,14,'082','Sayula',1), 
 (614,14,'083','Tala',1), 
 (615,14,'084','Talpa de allende',1), 
 (616,14,'085','Tamazula de gordiano',1), 
 (617,14,'086','Tapalpa',1), 
 (618,14,'087','Tecalitlán',1), 
 (619,14,'088','Tecolotlán',1), 
 (620,14,'089','Techaluta de montenegro',1), 
 (621,14,'090','Tenamaxtlán',1), 
 (622,14,'091','Teocaltiche',1), 
 (623,14,'092','Teocuitatlán de corona',1), 
 (624,14,'093','Tepatitlán de morelos',1), 
 (625,14,'094','Tequila',1), 
 (626,14,'095','Teuchitlán',1), 
 (627,14,'096','Tizapán el alto',1), 
 (628,14,'097','Tlajomulco de zúñiga',1), 
 (629,14,'098','Tlaquepaque',1), 
 (630,14,'099','Tolimán',1), 
 (631,14,'100','Tomatlán',1), 
 (632,14,'101','Tonalá',1), 
 (633,14,'102','Tonaya',1), 
 (634,14,'103','Tonila',1), 
 (635,14,'104','Totatiche',1), 
 (636,14,'105','Tototlán',1), 
 (637,14,'106','Tuxcacuesco',1), 
 (638,14,'107','Tuxcueca',1), 
 (639,14,'108','Tuxpan',1), 
 (640,14,'109','Unión de san antonio',1), 
 (641,14,'110','Unión de tula',1), 
 (642,14,'111','Valle de guadalupe',1), 
 (643,14,'112','Valle de juárez',1), 
 (644,14,'113','San gabriel',1), 
 (645,14,'114','Villa corona',1), 
 (646,14,'115','Villa guerrero',1), 
 (647,14,'116','Villa hidalgo',1), 
 (648,14,'117','Cañadas de obregón',1), 
 (649,14,'118','Yahualica de gonzález gallo',1), 
 (650,14,'119','Zacoalco de torres',1), 
 (651,14,'120','Zapopan',1), 
 (652,14,'121','Zapotiltic',1), 
 (653,14,'122','Zapotitlán de vadillo',1), 
 (654,14,'123','Zapotlán del rey',1), 
 (655,14,'124','Zapotlanejo',1), 
 (656,14,'125','San ignacio cerro gordo',1), 
 (657,15,'001','Acambay',1), 
 (658,15,'002','Acolman',1), 
 (659,15,'003','Aculco',1), 
 (660,15,'004','Almoloya de alquisiras',1), 
 (661,15,'005','Almoloya de juárez',1), 
 (662,15,'006','Almoloya del río',1), 
 (663,15,'007','Amanalco',1), 
 (664,15,'008','Amatepec',1), 
 (665,15,'009','Amecameca',1), 
 (666,15,'010','Apaxco',1), 
 (667,15,'011','Atenco',1), 
 (668,15,'012','Atizapán',1), 
 (669,15,'013','Atizapán de zaragoza',1), 
 (670,15,'014','Atlacomulco',1), 
 (671,15,'015','Atlautla',1), 
 (672,15,'016','Axapusco',1), 
 (673,15,'017','Ayapango',1), 
 (674,15,'018','Calimaya',1), 
 (675,15,'019','Capulhuac',1), 
 (676,15,'020','Coacalco de berriozábal',1), 
 (677,15,'021','Coatepec harinas',1), 
 (678,15,'022','Cocotitlán',1), 
 (679,15,'023','Coyotepec',1), 
 (680,15,'024','Cuautitlán',1), 
 (681,15,'025','Chalco',1), 
 (682,15,'026','Chapa de mota',1), 
 (683,15,'027','Chapultepec',1), 
 (684,15,'028','Chiautla',1), 
 (685,15,'029','Chicoloapan',1), 
 (686,15,'030','Chiconcuac',1), 
 (687,15,'031','Chimalhuacán',1), 
 (688,15,'032','Donato guerra',1), 
 (689,15,'033','Ecatepec de morelos',1), 
 (690,15,'034','Ecatzingo',1), 
 (691,15,'035','Huehuetoca',1), 
 (692,15,'036','Hueypoxtla',1), 
 (693,15,'037','Huixquilucan',1), 
 (694,15,'038','Isidro fabela',1), 
 (695,15,'039','Ixtapaluca',1), 
 (696,15,'040','Ixtapan de la sal',1), 
 (697,15,'041','Ixtapan del oro',1), 
 (698,15,'042','Ixtlahuaca',1), 
 (699,15,'043','Xalatlaco',1), 
 (700,15,'044','Jaltenco',1), 
 (701,15,'045','Jilotepec',1), 
 (702,15,'046','Jilotzingo',1), 
 (703,15,'047','Jiquipilco',1), 
 (704,15,'048','Jocotitlán',1), 
 (705,15,'049','Joquicingo',1), 
 (706,15,'050','Juchitepec',1), 
 (707,15,'051','Lerma',1), 
 (708,15,'052','Malinalco',1), 
 (709,15,'053','Melchor ocampo',1), 
 (710,15,'054','Metepec',1), 
 (711,15,'055','Mexicaltzingo',1), 
 (712,15,'056','Morelos',1), 
 (713,15,'057','Naucalpan de juárez',1), 
 (714,15,'058','Nezahualcóyotl',1), 
 (715,15,'059','Nextlalpan',1), 
 (716,15,'060','Nicolás romero',1), 
 (717,15,'061','Nopaltepec',1), 
 (718,15,'062','Ocoyoacac',1), 
 (719,15,'063','Ocuilan',1), 
 (720,15,'064','El oro',1), 
 (721,15,'065','Otumba',1), 
 (722,15,'066','Otzoloapan',1), 
 (723,15,'067','Otzolotepec',1), 
 (724,15,'068','Ozumba',1), 
 (725,15,'069','Papalotla',1), 
 (726,15,'070','La paz',1), 
 (727,15,'071','Polotitlán',1), 
 (728,15,'072','Rayón',1), 
 (729,15,'073','San antonio la isla',1), 
 (730,15,'074','San felipe del progreso',1), 
 (731,15,'075','San martín de las pirámides',1), 
 (732,15,'076','San mateo atenco',1), 
 (733,15,'077','San simón de guerrero',1), 
 (734,15,'078','Santo tomás',1), 
 (735,15,'079','Soyaniquilpan de juárez',1), 
 (736,15,'080','Sultepec',1), 
 (737,15,'081','Tecámac',1), 
 (738,15,'082','Tejupilco',1), 
 (739,15,'083','Temamatla',1), 
 (740,15,'084','Temascalapa',1), 
 (741,15,'085','Temascalcingo',1), 
 (742,15,'086','Temascaltepec',1), 
 (743,15,'087','Temoaya',1), 
 (744,15,'088','Tenancingo',1), 
 (745,15,'089','Tenango del aire',1), 
 (746,15,'090','Tenango del valle',1), 
 (747,15,'091','Teoloyucán',1), 
 (748,15,'092','Teotihuacán',1), 
 (749,15,'093','Tepetlaoxtoc',1), 
 (750,15,'094','Tepetlixpa',1), 
 (751,15,'095','Tepotzotlán',1), 
 (752,15,'096','Tequixquiac',1), 
 (753,15,'097','Texcaltitlán',1), 
 (754,15,'098','Texcalyacac',1), 
 (755,15,'099','Texcoco',1), 
 (756,15,'100','Tezoyuca',1), 
 (757,15,'101','Tianguistenco',1), 
 (758,15,'102','Timilpan',1), 
 (759,15,'103','Tlalmanalco',1), 
 (760,15,'104','Tlalnepantla de baz',1), 
 (761,15,'105','Tlatlaya',1), 
 (762,15,'106','Toluca',1), 
 (763,15,'107','Tonatico',1), 
 (764,15,'108','Tultepec',1), 
 (765,15,'109','Tultitlán',1), 
 (766,15,'110','Valle de bravo',1), 
 (767,15,'111','Villa de allende',1), 
 (768,15,'112','Villa del carbón',1), 
 (769,15,'113','Villa guerrero',1), 
 (770,15,'114','Villa victoria',1), 
 (771,15,'115','Xonacatlán',1), 
 (772,15,'116','Zacazonapan',1), 
 (773,15,'117','Zacualpan',1), 
 (774,15,'118','Zinacantepec',1), 
 (775,15,'119','Zumpahuacán',1), 
 (776,15,'120','Zumpango',1), 
 (777,15,'121','Cuautitlán izcalli',1), 
 (778,15,'122','Valle de chalco solidaridad',1), 
 (779,15,'123','Luvianos',1), 
 (780,15,'124','San josé del rincón',1), 
 (781,15,'125','Tonanitla',1), 
 (782,16,'001','Acuitzio',1), 
 (783,16,'002','Aguililla',1), 
 (784,16,'003','Álvaro obregón',1), 
 (785,16,'004','Angamacutiro',1), 
 (786,16,'005','Angangueo',1), 
 (787,16,'006','Apatzingán',1), 
 (788,16,'007','Aporo',1), 
 (789,16,'008','Aquila',1), 
 (790,16,'009','Ario',1), 
 (791,16,'010','Arteaga',1), 
 (792,16,'011','Briseñas',1), 
 (793,16,'012','Buenavista',1), 
 (794,16,'013','Carácuaro',1), 
 (795,16,'014','Coahuayana',1), 
 (796,16,'015','Coalcomán de vázquez pallares',1), 
 (797,16,'016','Coeneo',1), 
 (798,16,'017','Contepec',1), 
 (799,16,'018','Copándaro',1), 
 (800,16,'019','Cotija',1), 
 (801,16,'020','Cuitzeo',1), 
 (802,16,'021','Charapan',1), 
 (803,16,'022','Charo',1), 
 (804,16,'023','Chavinda',1), 
 (805,16,'024','Cherán',1), 
 (806,16,'025','Chilchota',1), 
 (807,16,'026','Chinicuila',1), 
 (808,16,'027','Chucándiro',1), 
 (809,16,'028','Churintzio',1), 
 (810,16,'029','Churumuco',1), 
 (811,16,'030','Ecuandureo',1), 
 (812,16,'031','Epitacio huerta',1), 
 (813,16,'032','Erongarícuaro',1), 
 (814,16,'033','Gabriel zamora',1), 
 (815,16,'034','Hidalgo',1), 
 (816,16,'035','La huacana',1), 
 (817,16,'036','Huandacareo',1), 
 (818,16,'037','Huaniqueo',1), 
 (819,16,'038','Huetamo',1), 
 (820,16,'039','Huiramba',1), 
 (821,16,'040','Indaparapeo',1), 
 (822,16,'041','Irimbo',1), 
 (823,16,'042','Ixtlán',1), 
 (824,16,'043','Jacona',1), 
 (825,16,'044','Jiménez',1), 
 (826,16,'045','Jiquilpan',1), 
 (827,16,'046','Juárez',1), 
 (828,16,'047','Jungapeo',1), 
 (829,16,'048','Lagunillas',1), 
 (830,16,'049','Madero',1), 
 (831,16,'050','Maravatío',1), 
 (832,16,'051','Marcos castellanos',1), 
 (833,16,'052','Lázaro cárdenas',1), 
 (834,16,'053','Morelia',1), 
 (835,16,'054','Morelos',1), 
 (836,16,'055','Múgica',1), 
 (837,16,'056','Nahuatzen',1), 
 (838,16,'057','Nocupétaro',1), 
 (839,16,'058','Nuevo parangaricutiro',1), 
 (840,16,'059','Nuevo urecho',1), 
 (841,16,'060','Numarán',1), 
 (842,16,'061','Ocampo',1), 
 (843,16,'062','Pajacuarán',1), 
 (844,16,'063','Panindícuaro',1), 
 (845,16,'064','Parácuaro',1), 
 (846,16,'065','Paracho',1), 
 (847,16,'066','Pátzcuaro',1), 
 (848,16,'067','Penjamillo',1), 
 (849,16,'068','Peribán',1), 
 (850,16,'069','La piedad',1), 
 (851,16,'070','Purépero',1), 
 (852,16,'071','Puruándiro',1), 
 (853,16,'072','Queréndaro',1), 
 (854,16,'073','Quiroga',1), 
 (855,16,'074','Cojumatlán de régules',1), 
 (856,16,'075','Los reyes',1), 
 (857,16,'076','Sahuayo',1), 
 (858,16,'077','San lucas',1), 
 (859,16,'078','Santa ana maya',1), 
 (860,16,'079','Salvador escalante',1), 
 (861,16,'080','Senguio',1), 
 (862,16,'081','Susupuato',1), 
 (863,16,'082','Tacámbaro',1), 
 (864,16,'083','Tancítaro',1), 
 (865,16,'084','Tangamandapio',1), 
 (866,16,'085','Tangancícuaro',1), 
 (867,16,'086','Tanhuato',1), 
 (868,16,'087','Taretan',1), 
 (869,16,'088','Tarímbaro',1), 
 (870,16,'089','Tepalcatepec',1), 
 (871,16,'090','Tingambato',1), 
 (872,16,'091','Tingüindín',1), 
 (873,16,'092','Tiquicheo de nicolás romero',1), 
 (874,16,'093','Tlalpujahua',1), 
 (875,16,'094','Tlazazalca',1), 
 (876,16,'095','Tocumbo',1), 
 (877,16,'096','Tumbiscatío',1), 
 (878,16,'097','Turicato',1), 
 (879,16,'098','Tuxpan',1), 
 (880,16,'099','Tuzantla',1), 
 (881,16,'100','Tzintzuntzan',1), 
 (882,16,'101','Tzitzio',1), 
 (883,16,'102','Uruapan',1), 
 (884,16,'103','Venustiano carranza',1), 
 (885,16,'104','Villamar',1), 
 (886,16,'105','Vista hermosa',1), 
 (887,16,'106','Yurécuaro',1), 
 (888,16,'107','Zacapu',1), 
 (889,16,'108','Zamora',1), 
 (890,16,'109','Zináparo',1), 
 (891,16,'110','Zinapécuaro',1), 
 (892,16,'111','Ziracuaretiro',1), 
 (893,16,'112','Zitácuaro',1), 
 (894,16,'113','José sixto verduzco',1), 
 (895,17,'001','Amacuzac',1), 
 (896,17,'002','Atlatlahucan',1), 
 (897,17,'003','Axochiapan',1), 
 (898,17,'004','Ayala',1), 
 (899,17,'005','Coatlán del río',1), 
 (900,17,'006','Cuautla',1), 
 (901,17,'007','Cuernavaca',1), 
 (902,17,'008','Emiliano zapata',1), 
 (903,17,'009','Huitzilac',1), 
 (904,17,'010','Jantetelco',1), 
 (905,17,'011','Jiutepec',1), 
 (906,17,'012','Jojutla',1), 
 (907,17,'013','Jonacatepec',1), 
 (908,17,'014','Mazatepec',1), 
 (909,17,'015','Miacatlán',1), 
 (910,17,'016','Ocuituco',1), 
 (911,17,'017','Puente de ixtla',1), 
 (912,17,'018','Temixco',1), 
 (913,17,'019','Tepalcingo',1), 
 (914,17,'020','Tepoztlán',1), 
 (915,17,'021','Tetecala',1), 
 (916,17,'022','Tetela del volcán',1), 
 (917,17,'023','Tlalnepantla',1), 
 (918,17,'024','Tlaltizapán',1), 
 (919,17,'025','Tlaquiltenango',1), 
 (920,17,'026','Tlayacapan',1), 
 (921,17,'027','Totolapan',1), 
 (922,17,'028','Xochitepec',1), 
 (923,17,'029','Yautepec',1), 
 (924,17,'030','Yecapixtla',1), 
 (925,17,'031','Zacatepec',1), 
 (926,17,'032','Zacualpan',1), 
 (927,17,'033','Temoac',1), 
 (928,18,'001','Acaponeta',1), 
 (929,18,'002','Ahuacatlán',1), 
 (930,18,'003','Amatlán de cañas',1), 
 (931,18,'004','Compostela',1), 
 (932,18,'005','Huajicori',1), 
 (933,18,'006','Ixtlán del río',1), 
 (934,18,'007','Jala',1), 
 (935,18,'008','Xalisco',1), 
 (936,18,'009','Del nayar',1), 
 (937,18,'010','Rosamorada',1), 
 (938,18,'011','Ruíz',1), 
 (939,18,'012','San blas',1), 
 (940,18,'013','San pedro lagunillas',1), 
 (941,18,'014','Santa maría del oro',1), 
 (942,18,'015','Santiago ixcuintla',1), 
 (943,18,'016','Tecuala',1), 
 (944,18,'017','Tepic',1), 
 (945,18,'018','Tuxpan',1), 
 (946,18,'019','La yesca',1), 
 (947,18,'020','Bahía de banderas',1), 
 (948,19,'001','Abasolo',1), 
 (949,19,'002','Agualeguas',1), 
 (950,19,'003','Los aldamas',1), 
 (951,19,'004','Allende',1), 
 (952,19,'005','Anáhuac',1), 
 (953,19,'006','Apodaca',1), 
 (954,19,'007','Aramberri',1), 
 (955,19,'008','Bustamante',1), 
 (956,19,'009','Cadereyta jiménez',1), 
 (957,19,'010','Carmen',1), 
 (958,19,'011','Cerralvo',1), 
 (959,19,'012','Ciénega de flores',1), 
 (960,19,'013','China',1), 
 (961,19,'014','Dr. arroyo',1), 
 (962,19,'015','Dr. coss',1), 
 (963,19,'016','Dr. gonzález',1), 
 (964,19,'017','Galeana',1), 
 (965,19,'018','García',1), 
 (966,19,'019','San pedro garza garcía',1), 
 (967,19,'020','Gral. bravo',1), 
 (968,19,'021','Gral. escobedo',1), 
 (969,19,'022','Gral. terán',1), 
 (970,19,'023','Gral. treviño',1), 
 (971,19,'024','Gral. zaragoza',1), 
 (972,19,'025','Gral. zuazua',1), 
 (973,19,'026','Guadalupe',1), 
 (974,19,'027','Los herreras',1), 
 (975,19,'028','Higueras',1), 
 (976,19,'029','Hualahuises',1), 
 (977,19,'030','Iturbide',1), 
 (978,19,'031','Juárez',1), 
 (979,19,'032','Lampazos de naranjo',1), 
 (980,19,'033','Linares',1), 
 (981,19,'034','Marín',1), 
 (982,19,'035','Melchor ocampo',1), 
 (983,19,'036','Mier y noriega',1), 
 (984,19,'037','Mina',1), 
 (985,19,'038','Montemorelos',1), 
 (986,19,'039','Monterrey',1), 
 (987,19,'040','Parás',1), 
 (988,19,'041','Pesquería',1), 
 (989,19,'042','Los ramones',1), 
 (990,19,'043','Rayones',1), 
 (991,19,'044','Sabinas hidalgo',1), 
 (992,19,'045','Salinas victoria',1), 
 (993,19,'046','San nicolás de los garza',1), 
 (994,19,'047','Hidalgo',1), 
 (995,19,'048','Santa catarina',1), 
 (996,19,'049','Santiago',1), 
 (997,19,'050','Vallecillo',1), 
 (998,19,'051','Villaldama',1), 
 (999,20,'001','Abejones',1), 
 (1000,20,'002','Acatlán de pérez figueroa',1), 
 (1001,20,'003','Asunción cacalotepec',1), 
 (1002,20,'004','Asunción cuyotepeji',1), 
 (1003,20,'005','Asunción ixtaltepec',1), 
 (1004,20,'006','Asunción nochixtlán',1), 
 (1005,20,'007','Asunción ocotlán',1), 
 (1006,20,'008','Asunción tlacolulita',1), 
 (1007,20,'009','Ayotzintepec',1), 
 (1008,20,'010','El barrio de la soledad',1), 
 (1009,20,'011','Calihualá',1), 
 (1010,20,'012','Candelaria loxicha',1), 
 (1011,20,'013','Ciénega de zimatlán',1), 
 (1012,20,'014','Ciudad ixtepec',1), 
 (1013,20,'015','Coatecas altas',1), 
 (1014,20,'016','Coicoyán de las flores',1), 
 (1015,20,'017','La compañía',1), 
 (1016,20,'018','Concepción buenavista',1), 
 (1017,20,'019','Concepción pápalo',1), 
 (1018,20,'020','Constancia del rosario',1), 
 (1019,20,'021','Cosolapa',1), 
 (1020,20,'022','Cosoltepec',1), 
 (1021,20,'023','Cuilápam de guerrero',1), 
 (1022,20,'024','Cuyamecalco villa de zaragoza',1), 
 (1023,20,'025','Chahuites',1), 
 (1024,20,'026','Chalcatongo de hidalgo',1), 
 (1025,20,'027','Chiquihuitlán de benito juárez',1), 
 (1026,20,'028','Heroica ciudad de ejutla de crespo',1), 
 (1027,20,'029','Eloxochitlán de flores magón',1), 
 (1028,20,'030','El espinal',1), 
 (1029,20,'031','Tamazulápam del espíritu santo',1), 
 (1030,20,'032','Fresnillo de trujano',1), 
 (1031,20,'033','Guadalupe etla',1), 
 (1032,20,'034','Guadalupe de ramírez',1), 
 (1033,20,'035','Guelatao de juárez',1), 
 (1034,20,'036','Guevea de humboldt',1), 
 (1035,20,'037','Mesones hidalgo',1), 
 (1036,20,'038','Villa hidalgo',1), 
 (1037,20,'039','Heroica ciudad de huajuapan de león',1), 
 (1038,20,'040','Huautepec',1), 
 (1039,20,'041','Huautla de jiménez',1), 
 (1040,20,'042','Ixtlán de juárez',1), 
 (1041,20,'043','Heroica ciudad de juchitán de zaragoza',1), 
 (1042,20,'044','Loma bonita',1), 
 (1043,20,'045','Magdalena apasco',1), 
 (1044,20,'046','Magdalena jaltepec',1), 
 (1045,20,'047','Santa magdalena jicotlán',1), 
 (1046,20,'048','Magdalena mixtepec',1), 
 (1047,20,'049','Magdalena ocotlán',1), 
 (1048,20,'050','Magdalena peñasco',1), 
 (1049,20,'051','Magdalena teitipac',1), 
 (1050,20,'052','Magdalena tequisistlán',1), 
 (1051,20,'053','Magdalena tlacotepec',1), 
 (1052,20,'054','Magdalena zahuatlán',1), 
 (1053,20,'055','Mariscala de juárez',1), 
 (1054,20,'056','Mártires de tacubaya',1), 
 (1055,20,'057','Matías romero avendaño',1), 
 (1056,20,'058','Mazatlán villa de flores',1), 
 (1057,20,'059','Miahuatlán de porfirio díaz',1), 
 (1058,20,'060','Mixistlán de la reforma',1), 
 (1059,20,'061','Monjas',1), 
 (1060,20,'062','Natividad',1), 
 (1061,20,'063','Nazareno etla',1), 
 (1062,20,'064','Nejapa de madero',1), 
 (1063,20,'065','Ixpantepec nieves',1), 
 (1064,20,'066','Santiago niltepec',1), 
 (1065,20,'067','Oaxaca de juárez',1), 
 (1066,20,'068','Ocotlán de morelos',1), 
 (1067,20,'069','La pe',1), 
 (1068,20,'070','Pinotepa de don luis',1), 
 (1069,20,'071','Pluma hidalgo',1), 
 (1070,20,'072','San josé del progreso',1), 
 (1071,20,'073','Putla villa de guerrero',1), 
 (1072,20,'074','Santa catarina quioquitani',1), 
 (1073,20,'075','Reforma de pineda',1), 
 (1074,20,'076','La reforma',1), 
 (1075,20,'077','Reyes etla',1), 
 (1076,20,'078','Rojas de cuauhtémoc',1), 
 (1077,20,'079','Salina cruz',1), 
 (1078,20,'080','San agustín amatengo',1), 
 (1079,20,'081','San agustín atenango',1), 
 (1080,20,'082','San agustín chayuco',1), 
 (1081,20,'083','San agustín de las juntas',1), 
 (1082,20,'084','San agustín etla',1), 
 (1083,20,'085','San agustín loxicha',1), 
 (1084,20,'086','San agustín tlacotepec',1), 
 (1085,20,'087','San agustín yatareni',1), 
 (1086,20,'088','San andrés cabecera nueva',1), 
 (1087,20,'089','San andrés dinicuiti',1), 
 (1088,20,'090','San andrés huaxpaltepec',1), 
 (1089,20,'091','San andrés huayápam',1), 
 (1090,20,'092','San andrés ixtlahuaca',1), 
 (1091,20,'093','San andrés lagunas',1), 
 (1092,20,'094','San andrés nuxiño',1), 
 (1093,20,'095','San andrés paxtlán',1), 
 (1094,20,'096','San andrés sinaxtla',1), 
 (1095,20,'097','San andrés solaga',1), 
 (1096,20,'098','San andrés teotilálpam',1), 
 (1097,20,'099','San andrés tepetlapa',1), 
 (1098,20,'100','San andrés yaá',1), 
 (1099,20,'101','San andrés zabache',1), 
 (1100,20,'102','San andrés zautla',1), 
 (1101,20,'103','San antonino castillo velasco',1), 
 (1102,20,'104','San antonino el alto',1), 
 (1103,20,'105','San antonino monte verde',1), 
 (1104,20,'106','San antonio acutla',1), 
 (1105,20,'107','San antonio de la cal',1), 
 (1106,20,'108','San antonio huitepec',1), 
 (1107,20,'109','San antonio nanahuatípam',1), 
 (1108,20,'110','San antonio sinicahua',1), 
 (1109,20,'111','San antonio tepetlapa',1), 
 (1110,20,'112','San baltazar chichicápam',1), 
 (1111,20,'113','San baltazar loxicha',1), 
 (1112,20,'114','San baltazar yatzachi el bajo',1), 
 (1113,20,'115','San bartolo coyotepec',1), 
 (1114,20,'116','San bartolomé ayautla',1), 
 (1115,20,'117','San bartolomé loxicha',1), 
 (1116,20,'118','San bartolomé quialana',1), 
 (1117,20,'119','San bartolomé yucuañe',1), 
 (1118,20,'120','San bartolomé zoogocho',1), 
 (1119,20,'121','San bartolo soyaltepec',1), 
 (1120,20,'122','San bartolo yautepec',1), 
 (1121,20,'123','San bernardo mixtepec',1), 
 (1122,20,'124','San blas atempa',1), 
 (1123,20,'125','San carlos yautepec',1), 
 (1124,20,'126','San cristóbal amatlán',1), 
 (1125,20,'127','San cristóbal amoltepec',1), 
 (1126,20,'128','San cristóbal lachirioag',1), 
 (1127,20,'129','San cristóbal suchixtlahuaca',1), 
 (1128,20,'130','San dionisio del mar',1), 
 (1129,20,'131','San dionisio ocotepec',1), 
 (1130,20,'132','San dionisio ocotlán',1), 
 (1131,20,'133','San esteban atatlahuca',1), 
 (1132,20,'134','San felipe jalapa de díaz',1), 
 (1133,20,'135','San felipe tejalápam',1), 
 (1134,20,'136','San felipe usila',1), 
 (1135,20,'137','San francisco cahuacuá',1), 
 (1136,20,'138','San francisco cajonos',1), 
 (1137,20,'139','San francisco chapulapa',1), 
 (1138,20,'140','San francisco chindúa',1), 
 (1139,20,'141','San francisco del mar',1), 
 (1140,20,'142','San francisco huehuetlán',1), 
 (1141,20,'143','San francisco ixhuatán',1), 
 (1142,20,'144','San francisco jaltepetongo',1), 
 (1143,20,'145','San francisco lachigoló',1), 
 (1144,20,'146','San francisco logueche',1), 
 (1145,20,'147','San francisco nuxaño',1), 
 (1146,20,'148','San francisco ozolotepec',1), 
 (1147,20,'149','San francisco sola',1), 
 (1148,20,'150','San francisco telixtlahuaca',1), 
 (1149,20,'151','San francisco teopan',1), 
 (1150,20,'152','San francisco tlapancingo',1), 
 (1151,20,'153','San gabriel mixtepec',1), 
 (1152,20,'154','San ildefonso amatlán',1), 
 (1153,20,'155','San ildefonso sola',1), 
 (1154,20,'156','San ildefonso villa alta',1), 
 (1155,20,'157','San jacinto amilpas',1), 
 (1156,20,'158','San jacinto tlacotepec',1), 
 (1157,20,'159','San jerónimo coatlán',1), 
 (1158,20,'160','San jerónimo silacayoapilla',1), 
 (1159,20,'161','San jerónimo sosola',1), 
 (1160,20,'162','San jerónimo taviche',1), 
 (1161,20,'163','San jerónimo tecóatl',1), 
 (1162,20,'164','San jorge nuchita',1), 
 (1163,20,'165','San josé ayuquila',1), 
 (1164,20,'166','San josé chiltepec',1), 
 (1165,20,'167','San josé del peñasco',1), 
 (1166,20,'168','San josé estancia grande',1), 
 (1167,20,'169','San josé independencia',1), 
 (1168,20,'170','San josé lachiguiri',1), 
 (1169,20,'171','San josé tenango',1), 
 (1170,20,'172','San juan achiutla',1), 
 (1171,20,'173','San juan atepec',1), 
 (1172,20,'174','Ánimas trujano',1), 
 (1173,20,'175','San juan bautista atatlahuca',1), 
 (1174,20,'176','San juan bautista coixtlahuaca',1), 
 (1175,20,'177','San juan bautista cuicatlán',1), 
 (1176,20,'178','San juan bautista guelache',1), 
 (1177,20,'179','San juan bautista jayacatlán',1), 
 (1178,20,'180','San juan bautista lo de soto',1), 
 (1179,20,'181','San juan bautista suchitepec',1), 
 (1180,20,'182','San juan bautista tlacoatzintepec',1), 
 (1181,20,'183','San juan bautista tlachichilco',1), 
 (1182,20,'184','San juan bautista tuxtepec',1), 
 (1183,20,'185','San juan cacahuatepec',1), 
 (1184,20,'186','San juan cieneguilla',1), 
 (1185,20,'187','San juan coatzóspam',1), 
 (1186,20,'188','San juan colorado',1), 
 (1187,20,'189','San juan comaltepec',1), 
 (1188,20,'190','San juan cotzocón',1), 
 (1189,20,'191','San juan chicomezúchil',1), 
 (1190,20,'192','San juan chilateca',1), 
 (1191,20,'193','San juan del estado',1), 
 (1192,20,'194','San juan del río',1), 
 (1193,20,'195','San juan diuxi',1), 
 (1194,20,'196','San juan evangelista analco',1), 
 (1195,20,'197','San juan guelavía',1), 
 (1196,20,'198','San juan guichicovi',1), 
 (1197,20,'199','San juan ihualtepec',1), 
 (1198,20,'200','San juan juquila mixes',1), 
 (1199,20,'201','San juan juquila vijanos',1), 
 (1200,20,'202','San juan lachao',1), 
 (1201,20,'203','San juan lachigalla',1), 
 (1202,20,'204','San juan lajarcia',1), 
 (1203,20,'205','San juan lalana',1), 
 (1204,20,'206','San juan de los cués',1), 
 (1205,20,'207','San juan mazatlán',1), 
 (1206,20,'208','San juan mixtepec -dto. 08 -',1), 
 (1207,20,'209','San juan mixtepec -dto. 26 -',1), 
 (1208,20,'210','San juan ñumí',1), 
 (1209,20,'211','San juan ozolotepec',1), 
 (1210,20,'212','San juan petlapa',1), 
 (1211,20,'213','San juan quiahije',1), 
 (1212,20,'214','San juan quiotepec',1), 
 (1213,20,'215','San juan sayultepec',1), 
 (1214,20,'216','San juan tabaá',1), 
 (1215,20,'217','San juan tamazola',1), 
 (1216,20,'218','San juan teita',1), 
 (1217,20,'219','San juan teitipac',1), 
 (1218,20,'220','San juan tepeuxila',1), 
 (1219,20,'221','San juan teposcolula',1), 
 (1220,20,'222','San juan yaeé',1), 
 (1221,20,'223','San juan yatzona',1), 
 (1222,20,'224','San juan yucuita',1), 
 (1223,20,'225','San lorenzo',1), 
 (1224,20,'226','San lorenzo albarradas',1), 
 (1225,20,'227','San lorenzo cacaotepec',1), 
 (1226,20,'228','San lorenzo cuaunecuiltitla',1), 
 (1227,20,'229','San lorenzo texmelúcan',1), 
 (1228,20,'230','San lorenzo victoria',1), 
 (1229,20,'231','San lucas camotlán',1), 
 (1230,20,'232','San lucas ojitlán',1), 
 (1231,20,'233','San lucas quiaviní',1), 
 (1232,20,'234','San lucas zoquiápam',1), 
 (1233,20,'235','San luis amatlán',1), 
 (1234,20,'236','San marcial ozolotepec',1), 
 (1235,20,'237','San marcos arteaga',1), 
 (1236,20,'238','San martín de los cansecos',1), 
 (1237,20,'239','San martín huamelúlpam',1), 
 (1238,20,'240','San martín itunyoso',1), 
 (1239,20,'241','San martín lachilá',1), 
 (1240,20,'242','San martín peras',1), 
 (1241,20,'243','San martín tilcajete',1), 
 (1242,20,'244','San martín toxpalan',1), 
 (1243,20,'245','San martín zacatepec',1), 
 (1244,20,'246','San mateo cajonos',1), 
 (1245,20,'247','Capulálpam de méndez',1), 
 (1246,20,'248','San mateo del mar',1), 
 (1247,20,'249','San mateo yoloxochitlán',1), 
 (1248,20,'250','San mateo etlatongo',1), 
 (1249,20,'251','San mateo nejápam',1), 
 (1250,20,'252','San mateo peñasco',1), 
 (1251,20,'253','San mateo piñas',1), 
 (1252,20,'254','San mateo río hondo',1), 
 (1253,20,'255','San mateo sindihui',1), 
 (1254,20,'256','San mateo tlapiltepec',1), 
 (1255,20,'257','San melchor betaza',1), 
 (1256,20,'258','San miguel achiutla',1), 
 (1257,20,'259','San miguel ahuehuetitlán',1), 
 (1258,20,'260','San miguel aloápam',1), 
 (1259,20,'261','San miguel amatitlán',1), 
 (1260,20,'262','San miguel amatlán',1), 
 (1261,20,'263','San miguel coatlán',1), 
 (1262,20,'264','San miguel chicahua',1), 
 (1263,20,'265','San miguel chimalapa',1), 
 (1264,20,'266','San miguel del puerto',1), 
 (1265,20,'267','San miguel del río',1), 
 (1266,20,'268','San miguel ejutla',1), 
 (1267,20,'269','San miguel el grande',1), 
 (1268,20,'270','San miguel huautla',1), 
 (1269,20,'271','San miguel mixtepec',1), 
 (1270,20,'272','San miguel panixtlahuaca',1), 
 (1271,20,'273','San miguel peras',1), 
 (1272,20,'274','San miguel piedras',1), 
 (1273,20,'275','San miguel quetzaltepec',1), 
 (1274,20,'276','San miguel santa flor',1), 
 (1275,20,'277','Villa sola de vega',1), 
 (1276,20,'278','San miguel soyaltepec',1), 
 (1277,20,'279','San miguel suchixtepec',1), 
 (1278,20,'280','Villa talea de castro',1), 
 (1279,20,'281','San miguel tecomatlán',1), 
 (1280,20,'282','San miguel tenango',1), 
 (1281,20,'283','San miguel tequixtepec',1), 
 (1282,20,'284','San miguel tilquiápam',1), 
 (1283,20,'285','San miguel tlacamama',1), 
 (1284,20,'286','San miguel tlacotepec',1), 
 (1285,20,'287','San miguel tulancingo',1), 
 (1286,20,'288','San miguel yotao',1), 
 (1287,20,'289','San nicolás',1), 
 (1288,20,'290','San nicolás hidalgo',1), 
 (1289,20,'291','San pablo coatlán',1), 
 (1290,20,'292','San pablo cuatro venados',1), 
 (1291,20,'293','San pablo etla',1), 
 (1292,20,'294','San pablo huitzo',1), 
 (1293,20,'295','San pablo huixtepec',1), 
 (1294,20,'296','San pablo macuiltianguis',1), 
 (1295,20,'297','San pablo tijaltepec',1), 
 (1296,20,'298','San pablo villa de mitla',1), 
 (1297,20,'299','San pablo yaganiza',1), 
 (1298,20,'300','San pedro amuzgos',1), 
 (1299,20,'301','San pedro apóstol',1), 
 (1300,20,'302','San pedro atoyac',1), 
 (1301,20,'303','San pedro cajonos',1), 
 (1302,20,'304','San pedro coxcaltepec cántaros',1), 
 (1303,20,'305','San pedro comitancillo',1), 
 (1304,20,'306','San pedro el alto',1), 
 (1305,20,'307','San pedro huamelula',1), 
 (1306,20,'308','San pedro huilotepec',1), 
 (1307,20,'309','San pedro ixcatlán',1), 
 (1308,20,'310','San pedro ixtlahuaca',1), 
 (1309,20,'311','San pedro jaltepetongo',1), 
 (1310,20,'312','San pedro jicayán',1), 
 (1311,20,'313','San pedro jocotipac',1), 
 (1312,20,'314','San pedro juchatengo',1), 
 (1313,20,'315','San pedro mártir',1), 
 (1314,20,'316','San pedro mártir quiechapa',1), 
 (1315,20,'317','San pedro mártir yucuxaco',1), 
 (1316,20,'318','San pedro mixtepec -dto. 22 -',1), 
 (1317,20,'319','San pedro mixtepec -dto. 26 -',1), 
 (1318,20,'320','San pedro molinos',1), 
 (1319,20,'321','San pedro nopala',1), 
 (1320,20,'322','San pedro ocopetatillo',1), 
 (1321,20,'323','San pedro ocotepec',1), 
 (1322,20,'324','San pedro pochutla',1), 
 (1323,20,'325','San pedro quiatoni',1), 
 (1324,20,'326','San pedro sochiápam',1), 
 (1325,20,'327','San pedro tapanatepec',1), 
 (1326,20,'328','San pedro taviche',1), 
 (1327,20,'329','San pedro teozacoalco',1), 
 (1328,20,'330','San pedro teutila',1), 
 (1329,20,'331','San pedro tidaá',1), 
 (1330,20,'332','San pedro topiltepec',1), 
 (1331,20,'333','San pedro totolápam',1), 
 (1332,20,'334','Villa de tututepec de melchor ocampo',1), 
 (1333,20,'335','San pedro yaneri',1), 
 (1334,20,'336','San pedro yólox',1), 
 (1335,20,'337','San pedro y san pablo ayutla',1), 
 (1336,20,'338','Villa de etla',1), 
 (1337,20,'339','San pedro y san pablo teposcolula',1), 
 (1338,20,'340','San pedro y san pablo tequixtepec',1), 
 (1339,20,'341','San pedro yucunama',1), 
 (1340,20,'342','San raymundo jalpan',1), 
 (1341,20,'343','San sebastián abasolo',1), 
 (1342,20,'344','San sebastián coatlán',1), 
 (1343,20,'345','San sebastián ixcapa',1), 
 (1344,20,'346','San sebastián nicananduta',1), 
 (1345,20,'347','San sebastián río hondo',1), 
 (1346,20,'348','San sebastián tecomaxtlahuaca',1), 
 (1347,20,'349','San sebastián teitipac',1), 
 (1348,20,'350','San sebastián tutla',1), 
 (1349,20,'351','San simón almolongas',1), 
 (1350,20,'352','San simón zahuatlán',1), 
 (1351,20,'353','Santa ana',1), 
 (1352,20,'354','Santa ana ateixtlahuaca',1), 
 (1353,20,'355','Santa ana cuauhtémoc',1), 
 (1354,20,'356','Santa ana del valle',1), 
 (1355,20,'357','Santa ana tavela',1), 
 (1356,20,'358','Santa ana tlapacoyan',1), 
 (1357,20,'359','Santa ana yareni',1), 
 (1358,20,'360','Santa ana zegache',1), 
 (1359,20,'361','Santa catalina quierí',1), 
 (1360,20,'362','Santa catarina cuixtla',1), 
 (1361,20,'363','Santa catarina ixtepeji',1), 
 (1362,20,'364','Santa catarina juquila',1), 
 (1363,20,'365','Santa catarina lachatao',1), 
 (1364,20,'366','Santa catarina loxicha',1), 
 (1365,20,'367','Santa catarina mechoacán',1), 
 (1366,20,'368','Santa catarina minas',1), 
 (1367,20,'369','Santa catarina quiané',1), 
 (1368,20,'370','Santa catarina tayata',1), 
 (1369,20,'371','Santa catarina ticuá',1), 
 (1370,20,'372','Santa catarina yosonotú',1), 
 (1371,20,'373','Santa catarina zapoquila',1), 
 (1372,20,'374','Santa cruz acatepec',1), 
 (1373,20,'375','Santa cruz amilpas',1), 
 (1374,20,'376','Santa cruz de bravo',1), 
 (1375,20,'377','Santa cruz itundujia',1), 
 (1376,20,'378','Santa cruz mixtepec',1), 
 (1377,20,'379','Santa cruz nundaco',1), 
 (1378,20,'380','Santa cruz papalutla',1), 
 (1379,20,'381','Santa cruz tacache de mina',1), 
 (1380,20,'382','Santa cruz tacahua',1), 
 (1381,20,'383','Santa cruz tayata',1), 
 (1382,20,'384','Santa cruz xitla',1), 
 (1383,20,'385','Santa cruz xoxocotlán',1), 
 (1384,20,'386','Santa cruz zenzontepec',1), 
 (1385,20,'387','Santa gertrudis',1), 
 (1386,20,'388','Santa inés del monte',1), 
 (1387,20,'389','Santa inés yatzeche',1), 
 (1388,20,'390','Santa lucía del camino',1), 
 (1389,20,'391','Santa lucía miahuatlán',1), 
 (1390,20,'392','Santa lucía monteverde',1), 
 (1391,20,'393','Santa lucía ocotlán',1), 
 (1392,20,'394','Santa maría alotepec',1), 
 (1393,20,'395','Santa maría apazco',1), 
 (1394,20,'396','Santa maría la asunción',1), 
 (1395,20,'397','Heroica ciudad de tlaxiaco',1), 
 (1396,20,'398','Ayoquezco de aldama',1), 
 (1397,20,'399','Santa maría atzompa',1), 
 (1398,20,'400','Santa maría camotlán',1), 
 (1399,20,'401','Santa maría colotepec',1), 
 (1400,20,'402','Santa maría cortijo',1), 
 (1401,20,'403','Santa maría coyotepec',1), 
 (1402,20,'404','Santa maría chachoápam',1), 
 (1403,20,'405','Villa de chilapa de díaz',1), 
 (1404,20,'406','Santa maría chilchotla',1), 
 (1405,20,'407','Santa maría chimalapa',1), 
 (1406,20,'408','Santa maría del rosario',1), 
 (1407,20,'409','Santa maría del tule',1), 
 (1408,20,'410','Santa maría ecatepec',1), 
 (1409,20,'411','Santa maría guelacé',1), 
 (1410,20,'412','Santa maría guienagati',1), 
 (1411,20,'413','Santa maría huatulco',1), 
 (1412,20,'414','Santa maría huazolotitlán',1), 
 (1413,20,'415','Santa maría ipalapa',1), 
 (1414,20,'416','Santa maría ixcatlán',1), 
 (1415,20,'417','Santa maría jacatepec',1), 
 (1416,20,'418','Santa maría jalapa del marqués',1), 
 (1417,20,'419','Santa maría jaltianguis',1), 
 (1418,20,'420','Santa maría lachixío',1), 
 (1419,20,'421','Santa maría mixtequilla',1), 
 (1420,20,'422','Santa maría nativitas',1), 
 (1421,20,'423','Santa maría nduayaco',1), 
 (1422,20,'424','Santa maría ozolotepec',1), 
 (1423,20,'425','Santa maría pápalo',1), 
 (1424,20,'426','Santa maría peñoles',1), 
 (1425,20,'427','Santa maría petapa',1), 
 (1426,20,'428','Santa maría quiegolani',1), 
 (1427,20,'429','Santa maría sola',1), 
 (1428,20,'430','Santa maría tataltepec',1), 
 (1429,20,'431','Santa maría tecomavaca',1), 
 (1430,20,'432','Santa maría temaxcalapa',1), 
 (1431,20,'433','Santa maría temaxcaltepec',1), 
 (1432,20,'434','Santa maría teopoxco',1), 
 (1433,20,'435','Santa maría tepantlali',1), 
 (1434,20,'436','Santa maría texcatitlán',1), 
 (1435,20,'437','Santa maría tlahuitoltepec',1), 
 (1436,20,'438','Santa maría tlalixtac',1), 
 (1437,20,'439','Santa maría tonameca',1), 
 (1438,20,'440','Santa maría totolapilla',1), 
 (1439,20,'441','Santa maría xadani',1), 
 (1440,20,'442','Santa maría yalina',1), 
 (1441,20,'443','Santa maría yavesía',1), 
 (1442,20,'444','Santa maría yolotepec',1), 
 (1443,20,'445','Santa maría yosoyúa',1), 
 (1444,20,'446','Santa maría yucuhiti',1), 
 (1445,20,'447','Santa maría zacatepec',1), 
 (1446,20,'448','Santa maría zaniza',1), 
 (1447,20,'449','Santa maría zoquitlán',1), 
 (1448,20,'450','Santiago amoltepec',1), 
 (1449,20,'451','Santiago apoala',1), 
 (1450,20,'452','Santiago apóstol',1), 
 (1451,20,'453','Santiago astata',1), 
 (1452,20,'454','Santiago atitlán',1), 
 (1453,20,'455','Santiago ayuquililla',1), 
 (1454,20,'456','Santiago cacaloxtepec',1), 
 (1455,20,'457','Santiago camotlán',1), 
 (1456,20,'458','Santiago comaltepec',1), 
 (1457,20,'459','Santiago chazumba',1), 
 (1458,20,'460','Santiago choápam',1), 
 (1459,20,'461','Santiago del río',1), 
 (1460,20,'462','Santiago huajolotitlán',1), 
 (1461,20,'463','Santiago huauclilla',1), 
 (1462,20,'464','Santiago ihuitlán plumas',1), 
 (1463,20,'465','Santiago ixcuintepec',1), 
 (1464,20,'466','Santiago ixtayutla',1), 
 (1465,20,'467','Santiago jamiltepec',1), 
 (1466,20,'468','Santiago jocotepec',1), 
 (1467,20,'469','Santiago juxtlahuaca',1), 
 (1468,20,'470','Santiago lachiguiri',1), 
 (1469,20,'471','Santiago lalopa',1), 
 (1470,20,'472','Santiago laollaga',1), 
 (1471,20,'473','Santiago laxopa',1), 
 (1472,20,'474','Santiago llano grande',1), 
 (1473,20,'475','Santiago matatlán',1), 
 (1474,20,'476','Santiago miltepec',1), 
 (1475,20,'477','Santiago minas',1), 
 (1476,20,'478','Santiago nacaltepec',1), 
 (1477,20,'479','Santiago nejapilla',1), 
 (1478,20,'480','Santiago nundiche',1), 
 (1479,20,'481','Santiago nuyoó',1), 
 (1480,20,'482','Santiago pinotepa nacional',1), 
 (1481,20,'483','Santiago suchilquitongo',1), 
 (1482,20,'484','Santiago tamazola',1), 
 (1483,20,'485','Santiago tapextla',1), 
 (1484,20,'486','Villa tejúpam de la unión',1), 
 (1485,20,'487','Santiago tenango',1), 
 (1486,20,'488','Santiago tepetlapa',1), 
 (1487,20,'489','Santiago tetepec',1), 
 (1488,20,'490','Santiago texcalcingo',1), 
 (1489,20,'491','Santiago textitlán',1), 
 (1490,20,'492','Santiago tilantongo',1), 
 (1491,20,'493','Santiago tillo',1), 
 (1492,20,'494','Santiago tlazoyaltepec',1), 
 (1493,20,'495','Santiago xanica',1), 
 (1494,20,'496','Santiago xiacuí',1), 
 (1495,20,'497','Santiago yaitepec',1), 
 (1496,20,'498','Santiago yaveo',1), 
 (1497,20,'499','Santiago yolomécatl',1), 
 (1498,20,'500','Santiago yosondúa',1), 
 (1499,20,'501','Santiago yucuyachi',1), 
 (1500,20,'502','Santiago zacatepec',1), 
 (1501,20,'503','Santiago zoochila',1), 
 (1502,20,'504','Nuevo zoquiápam',1), 
 (1503,20,'505','Santo domingo ingenio',1), 
 (1504,20,'506','Santo domingo albarradas',1), 
 (1505,20,'507','Santo domingo armenta',1), 
 (1506,20,'508','Santo domingo chihuitán',1), 
 (1507,20,'509','Santo domingo de morelos',1), 
 (1508,20,'510','Santo domingo ixcatlán',1), 
 (1509,20,'511','Santo domingo nuxaá',1), 
 (1510,20,'512','Santo domingo ozolotepec',1), 
 (1511,20,'513','Santo domingo petapa',1), 
 (1512,20,'514','Santo domingo roayaga',1), 
 (1513,20,'515','Santo domingo tehuantepec',1), 
 (1514,20,'516','Santo domingo teojomulco',1), 
 (1515,20,'517','Santo domingo tepuxtepec',1), 
 (1516,20,'518','Santo domingo tlatayápam',1), 
 (1517,20,'519','Santo domingo tomaltepec',1), 
 (1518,20,'520','Santo domingo tonalá',1), 
 (1519,20,'521','Santo domingo tonaltepec',1), 
 (1520,20,'522','Santo domingo xagacía',1), 
 (1521,20,'523','Santo domingo yanhuitlán',1), 
 (1522,20,'524','Santo domingo yodohino',1), 
 (1523,20,'525','Santo domingo zanatepec',1), 
 (1524,20,'526','Santos reyes nopala',1), 
 (1525,20,'527','Santos reyes pápalo',1), 
 (1526,20,'528','Santos reyes tepejillo',1), 
 (1527,20,'529','Santos reyes yucuná',1), 
 (1528,20,'530','Santo tomás jalieza',1), 
 (1529,20,'531','Santo tomás mazaltepec',1), 
 (1530,20,'532','Santo tomás ocotepec',1), 
 (1531,20,'533','Santo tomás tamazulapan',1), 
 (1532,20,'534','San vicente coatlán',1), 
 (1533,20,'535','San vicente lachixío',1), 
 (1534,20,'536','San vicente nuñú',1), 
 (1535,20,'537','Silacayoápam',1), 
 (1536,20,'538','Sitio de xitlapehua',1), 
 (1537,20,'539','Soledad etla',1), 
 (1538,20,'540','Villa de tamazulápam del progreso',1), 
 (1539,20,'541','Tanetze de zaragoza',1), 
 (1540,20,'542','Taniche',1), 
 (1541,20,'543','Tataltepec de valdés',1), 
 (1542,20,'544','Teococuilco de marcos pérez',1), 
 (1543,20,'545','Teotitlán de flores magón',1), 
 (1544,20,'546','Teotitlán del valle',1), 
 (1545,20,'547','Teotongo',1), 
 (1546,20,'548','Tepelmeme villa de morelos',1), 
 (1547,20,'549','Tezoatlán de segura y luna',1), 
 (1548,20,'550','San jerónimo tlacochahuaya',1), 
 (1549,20,'551','Tlacolula de matamoros',1), 
 (1550,20,'552','Tlacotepec plumas',1), 
 (1551,20,'553','Tlalixtac de cabrera',1), 
 (1552,20,'554','Totontepec villa de morelos',1), 
 (1553,20,'555','Trinidad zaachila',1), 
 (1554,20,'556','La trinidad vista hermosa',1), 
 (1555,20,'557','Unión hidalgo',1), 
 (1556,20,'558','Valerio trujano',1), 
 (1557,20,'559','San juan bautista valle nacional',1), 
 (1558,20,'560','Villa díaz ordaz',1), 
 (1559,20,'561','Yaxe',1), 
 (1560,20,'562','Magdalena yodocono de porfirio díaz',1), 
 (1561,20,'563','Yogana',1), 
 (1562,20,'564','Yutanduchi de guerrero',1), 
 (1563,20,'565','Villa de zaachila',1), 
 (1564,20,'566','Zapotitlán del río',1), 
 (1565,20,'567','Zapotitlán lagunas',1), 
 (1566,20,'568','Zapotitlán palmas',1), 
 (1567,20,'569','Santa inés de zaragoza',1), 
 (1568,20,'570','Zimatlán de álvarez',1), 
 (1569,21,'001','Acajete',1), 
 (1570,21,'002','Acateno',1), 
 (1571,21,'003','Acatlán',1), 
 (1572,21,'004','Acatzingo',1), 
 (1573,21,'005','Acteopan',1), 
 (1574,21,'006','Ahuacatlán',1), 
 (1575,21,'007','Ahuatlán',1), 
 (1576,21,'008','Ahuazotepec',1), 
 (1577,21,'009','Ahuehuetitla',1), 
 (1578,21,'010','Ajalpan',1), 
 (1579,21,'011','Albino zertuche',1), 
 (1580,21,'012','Aljojuca',1), 
 (1581,21,'013','Altepexi',1), 
 (1582,21,'014','Amixtlán',1), 
 (1583,21,'015','Amozoc',1), 
 (1584,21,'016','Aquixtla',1), 
 (1585,21,'017','Atempan',1), 
 (1586,21,'018','Atexcal',1), 
 (1587,21,'019','Atlixco',1), 
 (1588,21,'020','Atoyatempan',1), 
 (1589,21,'021','Atzala',1), 
 (1590,21,'022','Atzitzihuacán',1), 
 (1591,21,'023','Atzitzintla',1), 
 (1592,21,'024','Axutla',1), 
 (1593,21,'025','Ayotoxco de guerrero',1), 
 (1594,21,'026','Calpan',1), 
 (1595,21,'027','Caltepec',1), 
 (1596,21,'028','Camocuautla',1), 
 (1597,21,'029','Caxhuacan',1), 
 (1598,21,'030','Coatepec',1), 
 (1599,21,'031','Coatzingo',1), 
 (1600,21,'032','Cohetzala',1), 
 (1601,21,'033','Cohuecan',1), 
 (1602,21,'034','Coronango',1), 
 (1603,21,'035','Coxcatlán',1), 
 (1604,21,'036','Coyomeapan',1), 
 (1605,21,'037','Coyotepec',1), 
 (1606,21,'038','Cuapiaxtla de madero',1), 
 (1607,21,'039','Cuautempan',1), 
 (1608,21,'040','Cuautinchán',1), 
 (1609,21,'041','Cuautlancingo',1), 
 (1610,21,'042','Cuayuca de andrade',1), 
 (1611,21,'043','Cuetzalan del progreso',1), 
 (1612,21,'044','Cuyoaco',1), 
 (1613,21,'045','Chalchicomula de sesma',1), 
 (1614,21,'046','Chapulco',1), 
 (1615,21,'047','Chiautla',1), 
 (1616,21,'048','Chiautzingo',1), 
 (1617,21,'049','Chiconcuautla',1), 
 (1618,21,'050','Chichiquila',1), 
 (1619,21,'051','Chietla',1), 
 (1620,21,'052','Chigmecatitlán',1), 
 (1621,21,'053','Chignahuapan',1), 
 (1622,21,'054','Chignautla',1), 
 (1623,21,'055','Chila',1), 
 (1624,21,'056','Chila de la sal',1), 
 (1625,21,'057','Honey',1), 
 (1626,21,'058','Chilchotla',1), 
 (1627,21,'059','Chinantla',1), 
 (1628,21,'060','Domingo arenas',1), 
 (1629,21,'061','Eloxochitlán',1), 
 (1630,21,'062','Epatlán',1), 
 (1631,21,'063','Esperanza',1), 
 (1632,21,'064','Francisco z. mena',1), 
 (1633,21,'065','General felipe ángeles',1), 
 (1634,21,'066','Guadalupe',1), 
 (1635,21,'067','Guadalupe victoria',1), 
 (1636,21,'068','Hermenegildo galeana',1), 
 (1637,21,'069','Huaquechula',1), 
 (1638,21,'070','Huatlatlauca',1), 
 (1639,21,'071','Huauchinango',1), 
 (1640,21,'072','Huehuetla',1), 
 (1641,21,'073','Huehuetlán el chico',1), 
 (1642,21,'074','Huejotzingo',1), 
 (1643,21,'075','Hueyapan',1), 
 (1644,21,'076','Hueytamalco',1), 
 (1645,21,'077','Hueytlalpan',1), 
 (1646,21,'078','Huitzilan de serdán',1), 
 (1647,21,'079','Huitziltepec',1), 
 (1648,21,'080','Atlequizayan',1), 
 (1649,21,'081','Ixcamilpa de guerrero',1), 
 (1650,21,'082','Ixcaquixtla',1), 
 (1651,21,'083','Ixtacamaxtitlán',1), 
 (1652,21,'084','Ixtepec',1), 
 (1653,21,'085','Izúcar de matamoros',1), 
 (1654,21,'086','Jalpan',1), 
 (1655,21,'087','Jolalpan',1), 
 (1656,21,'088','Jonotla',1), 
 (1657,21,'089','Jopala',1), 
 (1658,21,'090','Juan c. bonilla',1), 
 (1659,21,'091','Juan galindo',1), 
 (1660,21,'092','Juan n. méndez',1), 
 (1661,21,'093','Lafragua',1), 
 (1662,21,'094','Libres',1), 
 (1663,21,'095','La magdalena tlatlauquitepec',1), 
 (1664,21,'096','Mazapiltepec de juárez',1), 
 (1665,21,'097','Mixtla',1), 
 (1666,21,'098','Molcaxac',1), 
 (1667,21,'099','Cañada morelos',1), 
 (1668,21,'100','Naupan',1), 
 (1669,21,'101','Nauzontla',1), 
 (1670,21,'102','Nealtican',1), 
 (1671,21,'103','Nicolás bravo',1), 
 (1672,21,'104','Nopalucan',1), 
 (1673,21,'105','Ocotepec',1), 
 (1674,21,'106','Ocoyucan',1), 
 (1675,21,'107','Olintla',1), 
 (1676,21,'108','Oriental',1), 
 (1677,21,'109','Pahuatlán',1), 
 (1678,21,'110','Palmar de bravo',1), 
 (1679,21,'111','Pantepec',1), 
 (1680,21,'112','Petlalcingo',1), 
 (1681,21,'113','Piaxtla',1), 
 (1682,21,'114','Puebla',1), 
 (1683,21,'115','Quecholac',1), 
 (1684,21,'116','Quimixtlán',1), 
 (1685,21,'117','Rafael lara grajales',1), 
 (1686,21,'118','Los reyes de juárez',1), 
 (1687,21,'119','San andrés cholula',1), 
 (1688,21,'120','San antonio cañada',1), 
 (1689,21,'121','San diego la mesa tochimiltzingo',1), 
 (1690,21,'122','San felipe teotlalcingo',1), 
 (1691,21,'123','San felipe tepatlán',1), 
 (1692,21,'124','San gabriel chilac',1), 
 (1693,21,'125','San gregorio atzompa',1), 
 (1694,21,'126','San jerónimo tecuanipan',1), 
 (1695,21,'127','San jerónimo xayacatlán',1), 
 (1696,21,'128','San josé chiapa',1), 
 (1697,21,'129','San josé miahuatlán',1), 
 (1698,21,'130','San juan atenco',1), 
 (1699,21,'131','San juan atzompa',1), 
 (1700,21,'132','San martín texmelucan',1), 
 (1701,21,'133','San martín totoltepec',1), 
 (1702,21,'134','San matías tlalancaleca',1), 
 (1703,21,'135','San miguel ixitlán',1), 
 (1704,21,'136','San miguel xoxtla',1), 
 (1705,21,'137','San nicolás buenos aires',1), 
 (1706,21,'138','San nicolás de los ranchos',1), 
 (1707,21,'139','San pablo anicano',1), 
 (1708,21,'140','San pedro cholula',1), 
 (1709,21,'141','San pedro yeloixtlahuaca',1), 
 (1710,21,'142','San salvador el seco',1), 
 (1711,21,'143','San salvador el verde',1), 
 (1712,21,'144','San salvador huixcolotla',1), 
 (1713,21,'145','San sebastián tlacotepec',1), 
 (1714,21,'146','Santa catarina tlaltempan',1), 
 (1715,21,'147','Santa inés ahuatempan',1), 
 (1716,21,'148','Santa isabel cholula',1), 
 (1717,21,'149','Santiago miahuatlán',1), 
 (1718,21,'150','Huehuetlán el grande',1), 
 (1719,21,'151','Santo tomás hueyotlipan',1), 
 (1720,21,'152','Soltepec',1), 
 (1721,21,'153','Tecali de herrera',1), 
 (1722,21,'154','Tecamachalco',1), 
 (1723,21,'155','Tecomatlán',1), 
 (1724,21,'156','Tehuacán',1), 
 (1725,21,'157','Tehuitzingo',1), 
 (1726,21,'158','Tenampulco',1), 
 (1727,21,'159','Teopantlán',1), 
 (1728,21,'160','Teotlalco',1), 
 (1729,21,'161','Tepanco de lópez',1), 
 (1730,21,'162','Tepango de rodríguez',1), 
 (1731,21,'163','Tepatlaxco de hidalgo',1), 
 (1732,21,'164','Tepeaca',1), 
 (1733,21,'165','Tepemaxalco',1), 
 (1734,21,'166','Tepeojuma',1), 
 (1735,21,'167','Tepetzintla',1), 
 (1736,21,'168','Tepexco',1), 
 (1737,21,'169','Tepexi de rodríguez',1), 
 (1738,21,'170','Tepeyahualco',1), 
 (1739,21,'171','Tepeyahualco de cuauhtémoc',1), 
 (1740,21,'172','Tetela de ocampo',1), 
 (1741,21,'173','Teteles de avila castillo',1), 
 (1742,21,'174','Teziutlán',1), 
 (1743,21,'175','Tianguismanalco',1), 
 (1744,21,'176','Tilapa',1), 
 (1745,21,'177','Tlacotepec de benito juárez',1), 
 (1746,21,'178','Tlacuilotepec',1), 
 (1747,21,'179','Tlachichuca',1), 
 (1748,21,'180','Tlahuapan',1), 
 (1749,21,'181','Tlaltenango',1), 
 (1750,21,'182','Tlanepantla',1), 
 (1751,21,'183','Tlaola',1), 
 (1752,21,'184','Tlapacoya',1), 
 (1753,21,'185','Tlapanalá',1), 
 (1754,21,'186','Tlatlauquitepec',1), 
 (1755,21,'187','Tlaxco',1), 
 (1756,21,'188','Tochimilco',1), 
 (1757,21,'189','Tochtepec',1), 
 (1758,21,'190','Totoltepec de guerrero',1), 
 (1759,21,'191','Tulcingo',1), 
 (1760,21,'192','Tuzamapan de galeana',1), 
 (1761,21,'193','Tzicatlacoyan',1), 
 (1762,21,'194','Venustiano carranza',1), 
 (1763,21,'195','Vicente guerrero',1), 
 (1764,21,'196','Xayacatlán de bravo',1), 
 (1765,21,'197','Xicotepec',1), 
 (1766,21,'198','Xicotlán',1), 
 (1767,21,'199','Xiutetelco',1), 
 (1768,21,'200','Xochiapulco',1), 
 (1769,21,'201','Xochiltepec',1), 
 (1770,21,'202','Xochitlán de vicente suárez',1), 
 (1771,21,'203','Xochitlán todos santos',1), 
 (1772,21,'204','Yaonáhuac',1), 
 (1773,21,'205','Yehualtepec',1), 
 (1774,21,'206','Zacapala',1), 
 (1775,21,'207','Zacapoaxtla',1), 
 (1776,21,'208','Zacatlán',1), 
 (1777,21,'209','Zapotitlán',1), 
 (1778,21,'210','Zapotitlán de méndez',1), 
 (1779,21,'211','Zaragoza',1), 
 (1780,21,'212','Zautla',1), 
 (1781,21,'213','Zihuateutla',1), 
 (1782,21,'214','Zinacatepec',1), 
 (1783,21,'215','Zongozotla',1), 
 (1784,21,'216','Zoquiapan',1), 
 (1785,21,'217','Zoquitlán',1), 
 (1786,22,'001','Amealco de bonfil',1), 
 (1787,22,'002','Pinal de amoles',1), 
 (1788,22,'003','Arroyo seco',1), 
 (1789,22,'004','Cadereyta de montes',1), 
 (1790,22,'005','Colón',1), 
 (1791,22,'006','Corregidora',1), 
 (1792,22,'007','Ezequiel montes',1), 
 (1793,22,'008','Huimilpan',1), 
 (1794,22,'009','Jalpan de serra',1), 
 (1795,22,'010','Landa de matamoros',1), 
 (1796,22,'011','El marqués',1), 
 (1797,22,'012','Pedro escobedo',1), 
 (1798,22,'013','Peñamiller',1), 
 (1799,22,'014','Querétaro',1), 
 (1800,22,'015','San joaquín',1), 
 (1801,22,'016','San juan del río',1), 
 (1802,22,'017','Tequisquiapan',1), 
 (1803,22,'018','Tolimán',1), 
 (1804,23,'001','Cozumel',1), 
 (1805,23,'002','Felipe carrillo puerto',1), 
 (1806,23,'003','Isla mujeres',1), 
 (1807,23,'004','Othón p. blanco',1), 
 (1808,23,'005','Benito juárez',1), 
 (1809,23,'006','José maría morelos',1), 
 (1810,23,'007','Lázaro cárdenas',1), 
 (1811,23,'008','Solidaridad',1), 
 (1812,23,'009','Tulum',1), 
 (1813,23,'010','Bacalar',1), 
 (1814,24,'001','Ahualulco',1), 
 (1815,24,'002','Alaquines',1), 
 (1816,24,'003','Aquismón',1), 
 (1817,24,'004','Armadillo de los infante',1), 
 (1818,24,'005','Cárdenas',1), 
 (1819,24,'006','Catorce',1), 
 (1820,24,'007','Cedral',1), 
 (1821,24,'008','Cerritos',1), 
 (1822,24,'009','Cerro de san pedro',1), 
 (1823,24,'010','Ciudad del maíz',1), 
 (1824,24,'011','Ciudad fernández',1), 
 (1825,24,'012','Tancanhuitz',1), 
 (1826,24,'013','Ciudad valles',1), 
 (1827,24,'014','Coxcatlán',1), 
 (1828,24,'015','Charcas',1), 
 (1829,24,'016','Ebano',1), 
 (1830,24,'017','Guadalcázar',1), 
 (1831,24,'018','Huehuetlán',1), 
 (1832,24,'019','Lagunillas',1), 
 (1833,24,'020','Matehuala',1), 
 (1834,24,'021','Mexquitic de carmona',1), 
 (1835,24,'022','Moctezuma',1), 
 (1836,24,'023','Rayón',1), 
 (1837,24,'024','Rioverde',1), 
 (1838,24,'025','Salinas',1), 
 (1839,24,'026','San antonio',1), 
 (1840,24,'027','San ciro de acosta',1), 
 (1841,24,'028','San luis potosí',1), 
 (1842,24,'029','San martín chalchicuautla',1), 
 (1843,24,'030','San nicolás tolentino',1), 
 (1844,24,'031','Santa catarina',1), 
 (1845,24,'032','Santa maría del río',1), 
 (1846,24,'033','Santo domingo',1), 
 (1847,24,'034','San vicente tancuayalab',1), 
 (1848,24,'035','Soledad de graciano sánchez',1), 
 (1849,24,'036','Tamasopo',1), 
 (1850,24,'037','Tamazunchale',1), 
 (1851,24,'038','Tampacán',1), 
 (1852,24,'039','Tampamolón corona',1), 
 (1853,24,'040','Tamuín',1), 
 (1854,24,'041','Tanlajás',1), 
 (1855,24,'042','Tanquián de escobedo',1), 
 (1856,24,'043','Tierra nueva',1), 
 (1857,24,'044','Vanegas',1), 
 (1858,24,'045','Venado',1), 
 (1859,24,'046','Villa de arriaga',1), 
 (1860,24,'047','Villa de guadalupe',1), 
 (1861,24,'048','Villa de la paz',1), 
 (1862,24,'049','Villa de ramos',1), 
 (1863,24,'050','Villa de reyes',1), 
 (1864,24,'051','Villa hidalgo',1), 
 (1865,24,'052','Villa juárez',1), 
 (1866,24,'053','Axtla de terrazas',1), 
 (1867,24,'054','Xilitla',1), 
 (1868,24,'055','Zaragoza',1), 
 (1869,24,'056','Villa de arista',1), 
 (1870,24,'057','Matlapa',1), 
 (1871,24,'058','El naranjo',1), 
 (1872,25,'001','Ahome',1), 
 (1873,25,'002','Angostura',1), 
 (1874,25,'003','Badiraguato',1), 
 (1875,25,'004','Concordia',1), 
 (1876,25,'005','Cosalá',1), 
 (1877,25,'006','Culiacán',1), 
 (1878,25,'007','Choix',1), 
 (1879,25,'008','Elota',1), 
 (1880,25,'009','Escuinapa',1), 
 (1881,25,'010','El fuerte',1), 
 (1882,25,'011','Guasave',1), 
 (1883,25,'012','Mazatlán',1), 
 (1884,25,'013','Mocorito',1), 
 (1885,25,'014','Rosario',1), 
 (1886,25,'015','Salvador alvarado',1), 
 (1887,25,'016','San ignacio',1), 
 (1888,25,'017','Sinaloa',1), 
 (1889,25,'018','Navolato',1), 
 (1890,26,'001','Aconchi',1), 
 (1891,26,'002','Agua prieta',1), 
 (1892,26,'003','Alamos',1), 
 (1893,26,'004','Altar',1), 
 (1894,26,'005','Arivechi',1), 
 (1895,26,'006','Arizpe',1), 
 (1896,26,'007','Atil',1), 
 (1897,26,'008','Bacadéhuachi',1), 
 (1898,26,'009','Bacanora',1), 
 (1899,26,'010','Bacerac',1), 
 (1900,26,'011','Bacoachi',1), 
 (1901,26,'012','Bácum',1), 
 (1902,26,'013','Banámichi',1), 
 (1903,26,'014','Baviácora',1), 
 (1904,26,'015','Bavispe',1), 
 (1905,26,'016','Benjamín hill',1), 
 (1906,26,'017','Caborca',1), 
 (1907,26,'018','Cajeme',1), 
 (1908,26,'019','Cananea',1), 
 (1909,26,'020','Carbó',1), 
 (1910,26,'021','La colorada',1), 
 (1911,26,'022','Cucurpe',1), 
 (1912,26,'023','Cumpas',1), 
 (1913,26,'024','Divisaderos',1), 
 (1914,26,'025','Empalme',1), 
 (1915,26,'026','Etchojoa',1), 
 (1916,26,'027','Fronteras',1), 
 (1917,26,'028','Granados',1), 
 (1918,26,'029','Guaymas',1), 
 (1919,26,'030','Hermosillo',1), 
 (1920,26,'031','Huachinera',1), 
 (1921,26,'032','Huásabas',1), 
 (1922,26,'033','Huatabampo',1), 
 (1923,26,'034','Huépac',1), 
 (1924,26,'035','Imuris',1), 
 (1925,26,'036','Magdalena',1), 
 (1926,26,'037','Mazatán',1), 
 (1927,26,'038','Moctezuma',1), 
 (1928,26,'039','Naco',1), 
 (1929,26,'040','Nácori chico',1), 
 (1930,26,'041','Nacozari de garcía',1), 
 (1931,26,'042','Navojoa',1), 
 (1932,26,'043','Nogales',1), 
 (1933,26,'044','Onavas',1), 
 (1934,26,'045','Opodepe',1), 
 (1935,26,'046','Oquitoa',1), 
 (1936,26,'047','Pitiquito',1), 
 (1937,26,'048','Puerto peñasco',1), 
 (1938,26,'049','Quiriego',1), 
 (1939,26,'050','Rayón',1), 
 (1940,26,'051','Rosario',1), 
 (1941,26,'052','Sahuaripa',1), 
 (1942,26,'053','San felipe de jesús',1), 
 (1943,26,'054','San javier',1), 
 (1944,26,'055','San luis río colorado',1), 
 (1945,26,'056','San miguel de horcasitas',1), 
 (1946,26,'057','San pedro de la cueva',1), 
 (1947,26,'058','Santa ana',1), 
 (1948,26,'059','Santa cruz',1), 
 (1949,26,'060','Sáric',1), 
 (1950,26,'061','Soyopa',1), 
 (1951,26,'062','Suaqui grande',1), 
 (1952,26,'063','Tepache',1), 
 (1953,26,'064','Trincheras',1), 
 (1954,26,'065','Tubutama',1), 
 (1955,26,'066','Ures',1), 
 (1956,26,'067','Villa hidalgo',1), 
 (1957,26,'068','Villa pesqueira',1), 
 (1958,26,'069','Yécora',1), 
 (1959,26,'070','General plutarco elías calles',1), 
 (1960,26,'071','Benito juárez',1), 
 (1961,26,'072','San ignacio río muerto',1), 
 (1962,27,'001','Balancán',1), 
 (1963,27,'002','Cárdenas',1), 
 (1964,27,'003','Centla',1), 
 (1965,27,'004','Centro',1), 
 (1966,27,'005','Comalcalco',1), 
 (1967,27,'006','Cunduacán',1), 
 (1968,27,'007','Emiliano zapata',1), 
 (1969,27,'008','Huimanguillo',1), 
 (1970,27,'009','Jalapa',1), 
 (1971,27,'010','Jalpa de méndez',1), 
 (1972,27,'011','Jonuta',1), 
 (1973,27,'012','Macuspana',1), 
 (1974,27,'013','Nacajuca',1), 
 (1975,27,'014','Paraíso',1), 
 (1976,27,'015','Tacotalpa',1), 
 (1977,27,'016','Teapa',1), 
 (1978,27,'017','Tenosique',1), 
 (1979,28,'001','Abasolo',1), 
 (1980,28,'002','Aldama',1), 
 (1981,28,'003','Altamira',1), 
 (1982,28,'004','Antiguo morelos',1), 
 (1983,28,'005','Burgos',1), 
 (1984,28,'006','Bustamante',1), 
 (1985,28,'007','Camargo',1), 
 (1986,28,'008','Casas',1), 
 (1987,28,'009','Ciudad madero',1), 
 (1988,28,'010','Cruillas',1), 
 (1989,28,'011','Gómez farías',1), 
 (1990,28,'012','González',1), 
 (1991,28,'013','Güémez',1), 
 (1992,28,'014','Guerrero',1), 
 (1993,28,'015','Gustavo díaz ordaz',1), 
 (1994,28,'016','Hidalgo',1), 
 (1995,28,'017','Jaumave',1), 
 (1996,28,'018','Jiménez',1), 
 (1997,28,'019','Llera',1), 
 (1998,28,'020','Mainero',1), 
 (1999,28,'021','El mante',1), 
 (2000,28,'022','Matamoros',1), 
 (2001,28,'023','Méndez',1), 
 (2002,28,'024','Mier',1), 
 (2003,28,'025','Miguel alemán',1), 
 (2004,28,'026','Miquihuana',1), 
 (2005,28,'027','Nuevo laredo',1), 
 (2006,28,'028','Nuevo morelos',1), 
 (2007,28,'029','Ocampo',1), 
 (2008,28,'030','Padilla',1), 
 (2009,28,'031','Palmillas',1), 
 (2010,28,'032','Reynosa',1), 
 (2011,28,'033','Río bravo',1), 
 (2012,28,'034','San carlos',1), 
 (2013,28,'035','San fernando',1), 
 (2014,28,'036','San nicolás',1), 
 (2015,28,'037','Soto la marina',1), 
 (2016,28,'038','Tampico',1), 
 (2017,28,'039','Tula',1), 
 (2018,28,'040','Valle hermoso',1), 
 (2019,28,'041','Victoria',1), 
 (2020,28,'042','Villagrán',1), 
 (2021,28,'043','Xicoténcatl',1), 
 (2022,29,'001','Amaxac de guerrero',1), 
 (2023,29,'002','Apetatitlán de antonio carvajal',1), 
 (2024,29,'003','Atlangatepec',1), 
 (2025,29,'004','Atltzayanca',1), 
 (2026,29,'005','Apizaco',1), 
 (2027,29,'006','Calpulalpan',1), 
 (2028,29,'007','El carmen tequexquitla',1), 
 (2029,29,'008','Cuapiaxtla',1), 
 (2030,29,'009','Cuaxomulco',1), 
 (2031,29,'010','Chiautempan',1), 
 (2032,29,'011','Muñoz de domingo arenas',1), 
 (2033,29,'012','Españita',1), 
 (2034,29,'013','Huamantla',1), 
 (2035,29,'014','Hueyotlipan',1), 
 (2036,29,'015','Ixtacuixtla de mariano matamoros',1), 
 (2037,29,'016','Ixtenco',1), 
 (2038,29,'017','Mazatecochco de josé maría morelos',1), 
 (2039,29,'018','Contla de juan cuamatzi',1), 
 (2040,29,'019','Tepetitla de lardizábal',1), 
 (2041,29,'020','Sanctórum de lázaro cárdenas',1), 
 (2042,29,'021','Nanacamilpa de mariano arista',1), 
 (2043,29,'022','Acuamanala de miguel hidalgo',1), 
 (2044,29,'023','Natívitas',1), 
 (2045,29,'024','Panotla',1), 
 (2046,29,'025','San pablo del monte',1), 
 (2047,29,'026','Santa cruz tlaxcala',1), 
 (2048,29,'027','Tenancingo',1), 
 (2049,29,'028','Teolocholco',1), 
 (2050,29,'029','Tepeyanco',1), 
 (2051,29,'030','Terrenate',1), 
 (2052,29,'031','Tetla de la solidaridad',1), 
 (2053,29,'032','Tetlatlahuca',1), 
 (2054,29,'033','Tlaxcala',1), 
 (2055,29,'034','Tlaxco',1), 
 (2056,29,'035','Tocatlán',1), 
 (2057,29,'036','Totolac',1), 
 (2058,29,'037','Ziltlaltépec de trinidad sánchez santos',1), 
 (2059,29,'038','Tzompantepec',1), 
 (2060,29,'039','Xaloztoc',1), 
 (2061,29,'040','Xaltocan',1), 
 (2062,29,'041','Papalotla de xicohténcatl',1), 
 (2063,29,'042','Xicohtzinco',1), 
 (2064,29,'043','Yauhquemehcan',1), 
 (2065,29,'044','Zacatelco',1), 
 (2066,29,'045','Benito juárez',1), 
 (2067,29,'046','Emiliano zapata',1), 
 (2068,29,'047','Lázaro cárdenas',1), 
 (2069,29,'048','La magdalena tlaltelulco',1), 
 (2070,29,'049','San damián texóloc',1), 
 (2071,29,'050','San francisco tetlanohcan',1), 
 (2072,29,'051','San jerónimo zacualpan',1), 
 (2073,29,'052','San josé teacalco',1), 
 (2074,29,'053','San juan huactzinco',1), 
 (2075,29,'054','San lorenzo axocomanitla',1), 
 (2076,29,'055','San lucas tecopilco',1), 
 (2077,29,'056','Santa ana nopalucan',1), 
 (2078,29,'057','Santa apolonia teacalco',1), 
 (2079,29,'058','Santa catarina ayometla',1), 
 (2080,29,'059','Santa cruz quilehtla',1), 
 (2081,29,'060','Santa isabel xiloxoxtla',1), 
 (2082,30,'001','Acajete',1), 
 (2083,30,'002','Acatlán',1), 
 (2084,30,'003','Acayucan',1), 
 (2085,30,'004','Actopan',1), 
 (2086,30,'005','Acula',1), 
 (2087,30,'006','Acultzingo',1), 
 (2088,30,'007','Camarón de tejeda',1), 
 (2089,30,'008','Alpatláhuac',1), 
 (2090,30,'009','Alto lucero de gutiérrez barrios',1), 
 (2091,30,'010','Altotonga',1), 
 (2092,30,'011','Alvarado',1), 
 (2093,30,'012','Amatitlán',1), 
 (2094,30,'013','Naranjos amatlán',1), 
 (2095,30,'014','Amatlán de los reyes',1), 
 (2096,30,'015','Angel r. cabada',1), 
 (2097,30,'016','La antigua',1), 
 (2098,30,'017','Apazapan',1), 
 (2099,30,'018','Aquila',1), 
 (2100,30,'019','Astacinga',1), 
 (2101,30,'020','Atlahuilco',1), 
 (2102,30,'021','Atoyac',1), 
 (2103,30,'022','Atzacan',1), 
 (2104,30,'023','Atzalan',1), 
 (2105,30,'024','Tlaltetela',1), 
 (2106,30,'025','Ayahualulco',1), 
 (2107,30,'026','Banderilla',1), 
 (2108,30,'027','Benito juárez',1), 
 (2109,30,'028','Boca del río',1), 
 (2110,30,'029','Calcahualco',1), 
 (2111,30,'030','Camerino z. mendoza',1), 
 (2112,30,'031','Carrillo puerto',1), 
 (2113,30,'032','Catemaco',1), 
 (2114,30,'033','Cazones de herrera',1), 
 (2115,30,'034','Cerro azul',1), 
 (2116,30,'035','Citlaltépetl',1), 
 (2117,30,'036','Coacoatzintla',1), 
 (2118,30,'037','Coahuitlán',1), 
 (2119,30,'038','Coatepec',1), 
 (2120,30,'039','Coatzacoalcos',1), 
 (2121,30,'040','Coatzintla',1), 
 (2122,30,'041','Coetzala',1), 
 (2123,30,'042','Colipa',1), 
 (2124,30,'043','Comapa',1), 
 (2125,30,'044','Córdoba',1), 
 (2126,30,'045','Cosamaloapan de carpio',1), 
 (2127,30,'046','Cosautlán de carvajal',1), 
 (2128,30,'047','Coscomatepec',1), 
 (2129,30,'048','Cosoleacaque',1), 
 (2130,30,'049','Cotaxtla',1), 
 (2131,30,'050','Coxquihui',1), 
 (2132,30,'051','Coyutla',1), 
 (2133,30,'052','Cuichapa',1), 
 (2134,30,'053','Cuitláhuac',1), 
 (2135,30,'054','Chacaltianguis',1), 
 (2136,30,'055','Chalma',1), 
 (2137,30,'056','Chiconamel',1), 
 (2138,30,'057','Chiconquiaco',1), 
 (2139,30,'058','Chicontepec',1), 
 (2140,30,'059','Chinameca',1), 
 (2141,30,'060','Chinampa de gorostiza',1), 
 (2142,30,'061','Las choapas',1), 
 (2143,30,'062','Chocamán',1), 
 (2144,30,'063','Chontla',1), 
 (2145,30,'064','Chumatlán',1), 
 (2146,30,'065','Emiliano zapata',1), 
 (2147,30,'066','Espinal',1), 
 (2148,30,'067','Filomeno mata',1), 
 (2149,30,'068','Fortín',1), 
 (2150,30,'069','Gutiérrez zamora',1), 
 (2151,30,'070','Hidalgotitlán',1), 
 (2152,30,'071','Huatusco',1), 
 (2153,30,'072','Huayacocotla',1), 
 (2154,30,'073','Hueyapan de ocampo',1), 
 (2155,30,'074','Huiloapan de cuauhtémoc',1), 
 (2156,30,'075','Ignacio de la llave',1), 
 (2157,30,'076','Ilamatlán',1), 
 (2158,30,'077','Isla',1), 
 (2159,30,'078','Ixcatepec',1), 
 (2160,30,'079','Ixhuacán de los reyes',1), 
 (2161,30,'080','Ixhuatlán del café',1), 
 (2162,30,'081','Ixhuatlancillo',1), 
 (2163,30,'082','Ixhuatlán del sureste',1), 
 (2164,30,'083','Ixhuatlán de madero',1), 
 (2165,30,'084','Ixmatlahuacan',1), 
 (2166,30,'085','Ixtaczoquitlán',1), 
 (2167,30,'086','Jalacingo',1), 
 (2168,30,'087','Xalapa',1), 
 (2169,30,'088','Jalcomulco',1), 
 (2170,30,'089','Jáltipan',1), 
 (2171,30,'090','Jamapa',1), 
 (2172,30,'091','Jesús carranza',1), 
 (2173,30,'092','Xico',1), 
 (2174,30,'093','Jilotepec',1), 
 (2175,30,'094','Juan rodríguez clara',1), 
 (2176,30,'095','Juchique de ferrer',1), 
 (2177,30,'096','Landero y coss',1), 
 (2178,30,'097','Lerdo de tejada',1), 
 (2179,30,'098','Magdalena',1), 
 (2180,30,'099','Maltrata',1), 
 (2181,30,'100','Manlio fabio altamirano',1), 
 (2182,30,'101','Mariano escobedo',1), 
 (2183,30,'102','Martínez de la torre',1), 
 (2184,30,'103','Mecatlán',1), 
 (2185,30,'104','Mecayapan',1), 
 (2186,30,'105','Medellín',1), 
 (2187,30,'106','Miahuatlán',1), 
 (2188,30,'107','Las minas',1), 
 (2189,30,'108','Minatitlán',1), 
 (2190,30,'109','Misantla',1), 
 (2191,30,'110','Mixtla de altamirano',1), 
 (2192,30,'111','Moloacán',1), 
 (2193,30,'112','Naolinco',1), 
 (2194,30,'113','Naranjal',1), 
 (2195,30,'114','Nautla',1), 
 (2196,30,'115','Nogales',1), 
 (2197,30,'116','Oluta',1), 
 (2198,30,'117','Omealca',1), 
 (2199,30,'118','Orizaba',1), 
 (2200,30,'119','Otatitlán',1), 
 (2201,30,'120','Oteapan',1), 
 (2202,30,'121','Ozuluama de mascareñas',1), 
 (2203,30,'122','Pajapan',1), 
 (2204,30,'123','Pánuco',1), 
 (2205,30,'124','Papantla',1), 
 (2206,30,'125','Paso del macho',1), 
 (2207,30,'126','Paso de ovejas',1), 
 (2208,30,'127','La perla',1), 
 (2209,30,'128','Perote',1), 
 (2210,30,'129','Platón sánchez',1), 
 (2211,30,'130','Playa vicente',1), 
 (2212,30,'131','Poza rica de hidalgo',1), 
 (2213,30,'132','Las vigas de ramírez',1), 
 (2214,30,'133','Pueblo viejo',1), 
 (2215,30,'134','Puente nacional',1), 
 (2216,30,'135','Rafael delgado',1), 
 (2217,30,'136','Rafael lucio',1), 
 (2218,30,'137','Los reyes',1), 
 (2219,30,'138','Río blanco',1), 
 (2220,30,'139','Saltabarranca',1), 
 (2221,30,'140','San andrés tenejapan',1), 
 (2222,30,'141','San andrés tuxtla',1), 
 (2223,30,'142','San juan evangelista',1), 
 (2224,30,'143','Santiago tuxtla',1), 
 (2225,30,'144','Sayula de alemán',1), 
 (2226,30,'145','Soconusco',1), 
 (2227,30,'146','Sochiapa',1), 
 (2228,30,'147','Soledad atzompa',1), 
 (2229,30,'148','Soledad de doblado',1), 
 (2230,30,'149','Soteapan',1), 
 (2231,30,'150','Tamalín',1), 
 (2232,30,'151','Tamiahua',1), 
 (2233,30,'152','Tampico alto',1), 
 (2234,30,'153','Tancoco',1), 
 (2235,30,'154','Tantima',1), 
 (2236,30,'155','Tantoyuca',1), 
 (2237,30,'156','Tatatila',1), 
 (2238,30,'157','Castillo de teayo',1), 
 (2239,30,'158','Tecolutla',1), 
 (2240,30,'159','Tehuipango',1), 
 (2241,30,'160','Álamo temapache',1), 
 (2242,30,'161','Tempoal',1), 
 (2243,30,'162','Tenampa',1), 
 (2244,30,'163','Tenochtitlán',1), 
 (2245,30,'164','Teocelo',1), 
 (2246,30,'165','Tepatlaxco',1), 
 (2247,30,'166','Tepetlán',1), 
 (2248,30,'167','Tepetzintla',1), 
 (2249,30,'168','Tequila',1), 
 (2250,30,'169','José azueta',1), 
 (2251,30,'170','Texcatepec',1), 
 (2252,30,'171','Texhuacán',1), 
 (2253,30,'172','Texistepec',1), 
 (2254,30,'173','Tezonapa',1), 
 (2255,30,'174','Tierra blanca',1), 
 (2256,30,'175','Tihuatlán',1), 
 (2257,30,'176','Tlacojalpan',1), 
 (2258,30,'177','Tlacolulan',1), 
 (2259,30,'178','Tlacotalpan',1), 
 (2260,30,'179','Tlacotepec de mejía',1), 
 (2261,30,'180','Tlachichilco',1), 
 (2262,30,'181','Tlalixcoyan',1), 
 (2263,30,'182','Tlalnelhuayocan',1), 
 (2264,30,'183','Tlapacoyan',1), 
 (2265,30,'184','Tlaquilpa',1), 
 (2266,30,'185','Tlilapan',1), 
 (2267,30,'186','Tomatlán',1), 
 (2268,30,'187','Tonayán',1), 
 (2269,30,'188','Totutla',1), 
 (2270,30,'189','Tuxpan',1), 
 (2271,30,'190','Tuxtilla',1), 
 (2272,30,'191','Ursulo galván',1), 
 (2273,30,'192','Vega de alatorre',1), 
 (2274,30,'193','Veracruz',1), 
 (2275,30,'194','Villa aldama',1), 
 (2276,30,'195','Xoxocotla',1), 
 (2277,30,'196','Yanga',1), 
 (2278,30,'197','Yecuatla',1), 
 (2279,30,'198','Zacualpan',1), 
 (2280,30,'199','Zaragoza',1), 
 (2281,30,'200','Zentla',1), 
 (2282,30,'201','Zongolica',1), 
 (2283,30,'202','Zontecomatlán de lópez y fuentes',1), 
 (2284,30,'203','Zozocolco de hidalgo',1), 
 (2285,30,'204','Agua dulce',1), 
 (2286,30,'205','El higo',1), 
 (2287,30,'206','Nanchital de lázaro cárdenas del río',1), 
 (2288,30,'207','Tres valles',1), 
 (2289,30,'208','Carlos a. carrillo',1), 
 (2290,30,'209','Tatahuicapan de juárez',1), 
 (2291,30,'210','Uxpanapa',1), 
 (2292,30,'211','San rafael',1), 
 (2293,30,'212','Santiago sochiapan',1), 
 (2294,31,'001','Abalá',1), 
 (2295,31,'002','Acanceh',1), 
 (2296,31,'003','Akil',1), 
 (2297,31,'004','Baca',1), 
 (2298,31,'005','Bokobá',1), 
 (2299,31,'006','Buctzotz',1), 
 (2300,31,'007','Cacalchén',1), 
 (2301,31,'008','Calotmul',1), 
 (2302,31,'009','Cansahcab',1), 
 (2303,31,'010','Cantamayec',1), 
 (2304,31,'011','Celestún',1), 
 (2305,31,'012','Cenotillo',1), 
 (2306,31,'013','Conkal',1), 
 (2307,31,'014','Cuncunul',1), 
 (2308,31,'015','Cuzamá',1), 
 (2309,31,'016','Chacsinkín',1), 
 (2310,31,'017','Chankom',1), 
 (2311,31,'018','Chapab',1), 
 (2312,31,'019','Chemax',1), 
 (2313,31,'020','Chicxulub pueblo',1), 
 (2314,31,'021','Chichimilá',1), 
 (2315,31,'022','Chikindzonot',1), 
 (2316,31,'023','Chocholá',1), 
 (2317,31,'024','Chumayel',1), 
 (2318,31,'025','Dzán',1), 
 (2319,31,'026','Dzemul',1), 
 (2320,31,'027','Dzidzantún',1), 
 (2321,31,'028','Dzilam de bravo',1), 
 (2322,31,'029','Dzilam gonzález',1), 
 (2323,31,'030','Dzitás',1), 
 (2324,31,'031','Dzoncauich',1), 
 (2325,31,'032','Espita',1), 
 (2326,31,'033','Halachó',1), 
 (2327,31,'034','Hocabá',1), 
 (2328,31,'035','Hoctún',1), 
 (2329,31,'036','Homún',1), 
 (2330,31,'037','Huhí',1), 
 (2331,31,'038','Hunucmá',1), 
 (2332,31,'039','Ixil',1), 
 (2333,31,'040','Izamal',1), 
 (2334,31,'041','Kanasín',1), 
 (2335,31,'042','Kantunil',1), 
 (2336,31,'043','Kaua',1), 
 (2337,31,'044','Kinchil',1), 
 (2338,31,'045','Kopomá',1), 
 (2339,31,'046','Mama',1), 
 (2340,31,'047','Maní',1), 
 (2341,31,'048','Maxcanú',1), 
 (2342,31,'049','Mayapán',1), 
 (2343,31,'050','Mérida',1), 
 (2344,31,'051','Mocochá',1), 
 (2345,31,'052','Motul',1), 
 (2346,31,'053','Muna',1), 
 (2347,31,'054','Muxupip',1), 
 (2348,31,'055','Opichén',1), 
 (2349,31,'056','Oxkutzcab',1), 
 (2350,31,'057','Panabá',1), 
 (2351,31,'058','Peto',1), 
 (2352,31,'059','Progreso',1), 
 (2353,31,'060','Quintana roo',1), 
 (2354,31,'061','Río lagartos',1), 
 (2355,31,'062','Sacalum',1), 
 (2356,31,'063','Samahil',1), 
 (2357,31,'064','Sanahcat',1), 
 (2358,31,'065','San felipe',1), 
 (2359,31,'066','Santa elena',1), 
 (2360,31,'067','Seyé',1), 
 (2361,31,'068','Sinanché',1), 
 (2362,31,'069','Sotuta',1), 
 (2363,31,'070','Sucilá',1), 
 (2364,31,'071','Sudzal',1), 
 (2365,31,'072','Suma',1), 
 (2366,31,'073','Tahdziú',1), 
 (2367,31,'074','Tahmek',1), 
 (2368,31,'075','Teabo',1), 
 (2369,31,'076','Tecoh',1), 
 (2370,31,'077','Tekal de venegas',1), 
 (2371,31,'078','Tekantó',1), 
 (2372,31,'079','Tekax',1), 
 (2373,31,'080','Tekit',1), 
 (2374,31,'081','Tekom',1), 
 (2375,31,'082','Telchac pueblo',1), 
 (2376,31,'083','Telchac puerto',1), 
 (2377,31,'084','Temax',1), 
 (2378,31,'085','Temozón',1), 
 (2379,31,'086','Tepakán',1), 
 (2380,31,'087','Tetiz',1), 
 (2381,31,'088','Teya',1), 
 (2382,31,'089','Ticul',1), 
 (2383,31,'090','Timucuy',1), 
 (2384,31,'091','Tinum',1), 
 (2385,31,'092','Tixcacalcupul',1), 
 (2386,31,'093','Tixkokob',1), 
 (2387,31,'094','Tixmehuac',1), 
 (2388,31,'095','Tixpéhual',1), 
 (2389,31,'096','Tizimín',1), 
 (2390,31,'097','Tunkás',1), 
 (2391,31,'098','Tzucacab',1), 
 (2392,31,'099','Uayma',1), 
 (2393,31,'100','Ucú',1), 
 (2394,31,'101','Umán',1), 
 (2395,31,'102','Valladolid',1), 
 (2396,31,'103','Xocchel',1), 
 (2397,31,'104','Yaxcabá',1), 
 (2398,31,'105','Yaxkukul',1), 
 (2399,31,'106','Yobaín',1), 
 (2400,32,'001','Apozol',1), 
 (2401,32,'002','Apulco',1), 
 (2402,32,'003','Atolinga',1), 
 (2403,32,'004','Benito juárez',1), 
 (2404,32,'005','Calera',1), 
 (2405,32,'006','Cañitas de felipe pescador',1), 
 (2406,32,'007','Concepción del oro',1), 
 (2407,32,'008','Cuauhtémoc',1), 
 (2408,32,'009','Chalchihuites',1), 
 (2409,32,'010','Fresnillo',1), 
 (2410,32,'011','Trinidad garcía de la cadena',1), 
 (2411,32,'012','Genaro codina',1), 
 (2412,32,'013','General enrique estrada',1), 
 (2413,32,'014','General francisco r. murguía',1), 
 (2414,32,'015','El plateado de joaquín amaro',1), 
 (2415,32,'016','General pánfilo natera',1), 
 (2416,32,'017','Guadalupe',1), 
 (2417,32,'018','Huanusco',1), 
 (2418,32,'019','Jalpa',1), 
 (2419,32,'020','Jerez',1), 
 (2420,32,'021','Jiménez del teul',1), 
 (2421,32,'022','Juan aldama',1), 
 (2422,32,'023','Juchipila',1), 
 (2423,32,'024','Loreto',1), 
 (2424,32,'025','Luis moya',1), 
 (2425,32,'026','Mazapil',1), 
 (2426,32,'027','Melchor ocampo',1), 
 (2427,32,'028','Mezquital del oro',1), 
 (2428,32,'029','Miguel auza',1), 
 (2429,32,'030','Momax',1), 
 (2430,32,'031','Monte escobedo',1), 
 (2431,32,'032','Morelos',1), 
 (2432,32,'033','Moyahua de estrada',1), 
 (2433,32,'034','Nochistlán de mejía',1), 
 (2434,32,'035','Noria de ángeles',1), 
 (2435,32,'036','Ojocaliente',1), 
 (2436,32,'037','Pánuco',1), 
 (2437,32,'038','Pinos',1), 
 (2438,32,'039','Río grande',1), 
 (2439,32,'040','Sain alto',1), 
 (2440,32,'041','El salvador',1), 
 (2441,32,'042','Sombrerete',1), 
 (2442,32,'043','Susticacán',1), 
 (2443,32,'044','Tabasco',1), 
 (2444,32,'045','Tepechitlán',1), 
 (2445,32,'046','Tepetongo',1), 
 (2446,32,'047','Teúl de gonzález ortega',1), 
 (2447,32,'048','Tlaltenango de sánchez román',1), 
 (2448,32,'049','Valparaíso',1), 
 (2449,32,'050','Vetagrande',1), 
 (2450,32,'051','Villa de cos',1), 
 (2451,32,'052','Villa garcía',1), 
 (2452,32,'053','Villa gonzález ortega',1), 
 (2453,32,'054','Villa hidalgo',1), 
 (2454,32,'055','Villanueva',1), 
 (2455,32,'056','Zacatecas',1), 
 (2456,32,'057','Trancoso',1), 
 (2457,32,'058','Santa maría de la paz',1);


CREATE TABLE IF NOT EXISTS `empresas` (
  `empresas_id` INT NOT NULL AUTO_INCREMENT,
  `nombre` VARCHAR(254) NULL,
  `rfc` VARCHAR(15) NULL,
  `cat_municipios_id` INT NOT NULL DEFAULT 0,
  `cat_estados_id` INT NOT NULL DEFAULT 0,
  `tel` VARCHAR(20) NULL,
  `estatus` INT(1) NOT NULL,
  `cuentas_id` INT NOT NULL DEFAULT 0,
  `fecha_creacion` DATETIME DEFAULT   CURRENT_TIMESTAMP,
  `fecha_edicion` DATETIME ON UPDATE CURRENT_TIMESTAMP,
  PRIMARY KEY (`empresas_id`),
  INDEX `empresas_cuentas_idx` (`cuentas_id` ASC),
  INDEX `empresas_estatus_idx` (`estatus` ASC))
ENGINE = InnoDB;

CREATE TABLE IF NOT EXISTS `clientes` (
  `clientes_id` INT NOT NULL AUTO_INCREMENT,
  `nombre` VARCHAR(254) NULL,
  `rfc` VARCHAR(15) NULL,
  `cat_municipios_id` INT NOT NULL DEFAULT 0,
  `cat_estados_id` INT NOT NULL DEFAULT 0,
  `tel` VARCHAR(20) NULL,
  `estatus` INT(1) NOT NULL DEFAULT 1,
  `cuentas_id` INT NOT NULL DEFAULT 0,
  `fecha_creacion` DATETIME DEFAULT   CURRENT_TIMESTAMP,
  `fecha_edicion` DATETIME ON UPDATE CURRENT_TIMESTAMP,
  PRIMARY KEY (`clientes_id`),
  INDEX `clientes_estados_idx` (`cat_estados_id` ASC),
  INDEX `clientes_municipio_idx` (`cat_municipios_id` ASC),
  INDEX `clientes_cuentas_idx` (`cuentas_id` ASC),
  INDEX `clientes_estatus_idx` (`estatus` ASC))
ENGINE = InnoDB;

CREATE TABLE IF NOT EXISTS `proveedores` (
  `proveedores_id` INT NOT NULL AUTO_INCREMENT,
  `nombre` VARCHAR(254) NULL,
  `rfc` VARCHAR(15) NULL,
  `cat_municipios_id` INT NOT NULL DEFAULT 0,
  `cat_estados_id` INT NOT NULL DEFAULT 0,
  `tel` VARCHAR(20) NULL,
  `estatus` INT(1) NOT NULL DEFAULT 1,
  `cuentas_id` INT NOT NULL DEFAULT 0,
  `cat_bancos_id` INT NOT NULL DEFAULT 0,
  `sucursal` VARCHAR(45) NULL,
  `cuenta` VARCHAR(15) NULL,
  `clabe` VARCHAR(20) NULL,
  `contacto` VARCHAR(200) NULL,
  `fecha_creacion` DATETIME DEFAULT   CURRENT_TIMESTAMP,
  `fecha_edicion` DATETIME ON UPDATE CURRENT_TIMESTAMP,
  PRIMARY KEY (`proveedores_id`),
  INDEX `proveedores_estados_idx` (`cat_estados_id` ASC),
  INDEX `proveedores_municipios_idx` (`cat_municipios_id` ASC),
  INDEX `proveedores_cuenta_idx` (`cuentas_id` ASC),
  INDEX `proveedores_estatus_idx` (`estatus` ASC),
  INDEX `proveedores_bancos_idx` (`cat_bancos_id` ASC))
ENGINE = InnoDB;


CREATE TABLE IF NOT EXISTS `cat_bancos` (
  `cat_bancos_id` INT NOT NULL AUTO_INCREMENT,
  `clave` VARCHAR(10) NULL,
  `nombre_corto` VARCHAR(45) NULL,
  `nombre` VARCHAR(250) NULL,
  PRIMARY KEY (`cat_bancos_id`))
ENGINE = InnoDB;

INSERT INTO cat_bancos (clave, nombre_corto, nombre) VALUES
('002','BANAMEX','Banco Nacional de México, S.A., Institución de Banca Múltiple, Grupo Financiero Banamex'),
('006','BANCOMEXT','Banco Nacional de Comercio Exterior, Sociedad Nacional de Crédito, Institución de Banca de Desarrollo'),
('009','BANOBRAS','Banco Nacional de Obras y Servicios Públicos, Sociedad Nacional de Crédito, Institución de Banca de Desarrollo'),
('012','BBVA BANCOMER','BBVA Bancomer, S.A., Institución de Banca Múltiple, Grupo Financiero BBVA Bancomer'),
('014','SANTANDER','Banco Santander (México), S.A., Institución de Banca Múltiple, Grupo Financiero Santander'),
('019','BANJERCITO','Banco Nacional del Ejército, Fuerza Aérea y Armada, Sociedad Nacional de Crédito, Institución de Banca de Desarrollo'),
('021','HSBC','HSBC México, S.A., institución De Banca Múltiple, Grupo Financiero HSBC'),
('030','BAJIO','Banco del Bajío, S.A., Institución de Banca Múltiple'),
('032','IXE','IXE Banco, S.A., Institución de Banca Múltiple, IXE Grupo Financiero'),
('036','INBURSA','Banco Inbursa, S.A., Institución de Banca Múltiple, Grupo Financiero Inbursa'),
('037','INTERACCIONES','Banco Interacciones, S.A., Institución de Banca Múltiple'),
('042','MIFEL','Banca Mifel, S.A., Institución de Banca Múltiple, Grupo Financiero Mifel'),
('044','SCOTIABANK','Scotiabank Inverlat, S.A.'),
('058','BANREGIO','Banco Regional de Monterrey, S.A., Institución de Banca Múltiple, Banregio Grupo Financiero'),
('059','INVEX','Banco Invex, S.A., Institución de Banca Múltiple, Invex Grupo Financiero'),
('060','BANSI','Bansi, S.A., Institución de Banca Múltiple'),
('062','AFIRME','Banca Afirme, S.A., Institución de Banca Múltiple'),
('072','BANORTE','Banco Mercantil del Norte, S.A., Institución de Banca Múltiple, Grupo Financiero Banorte'),
('102','THE ROYAL BANK','The Royal Bank of Scotland México, S.A., Institución de Banca Múltiple'),
('103','AMERICAN EXPRESS','American Express Bank (México), S.A., Institución de Banca Múltiple'),
('106','BAMSA','Bank of America México, S.A., Institución de Banca Múltiple, Grupo Financiero Bank of America'),
('108','TOKYO','Bank of Tokyo-Mitsubishi UFJ (México), S.A.'),
('110','JP MORGAN','Banco J.P. Morgan, S.A., Institución de Banca Múltiple, J.P. Morgan Grupo Financiero'),
('112','BMONEX','Banco Monex, S.A., Institución de Banca Múltiple'),
('113','VE POR MAS','Banco Ve Por Mas, S.A. Institución de Banca Múltiple'),
('116','ING','ING Bank (México), S.A., Institución de Banca Múltiple, ING Grupo Financiero'),
('124','DEUTSCHE','Deutsche Bank México, S.A., Institución de Banca Múltiple'),
('126','CREDIT SUISSE','Banco Credit Suisse (México), S.A. Institución de Banca Múltiple, Grupo Financiero Credit Suisse (México)'),
('127','AZTECA','Banco Azteca, S.A. Institución de Banca Múltiple.'),
('128','AUTOFIN','Banco Autofin México, S.A. Institución de Banca Múltiple'),
('129','BARCLAYS','Barclays Bank México, S.A., Institución de Banca Múltiple, Grupo Financiero Barclays México'),
('130','COMPARTAMOS','Banco Compartamos, S.A., Institución de Banca Múltiple'),
('131','BANCO FAMSA','Banco Ahorro Famsa, S.A., Institución de Banca Múltiple'),
('132','BMULTIVA','Banco Multiva, S.A., Institución de Banca Múltiple, Multivalores Grupo Financiero'),
('133','ACTINVER','Banco Actinver, S.A. Institución de Banca Múltiple, Grupo Financiero Actinver'),
('134','WAL-MART','Banco Wal-Mart de México Adelante, S.A., Institución de Banca Múltiple'),
('135','NAFIN','Nacional Financiera, Sociedad Nacional de Crédito, Institución de Banca de Desarrollo'),
('136','INTERBANCO','Inter Banco, S.A. Institución de Banca Múltiple'),
('137','BANCOPPEL','BanCoppel, S.A., Institución de Banca Múltiple'),
('138','ABC CAPITAL','ABC Capital, S.A., Institución de Banca Múltiple'),
('139','UBS BANK','UBS Bank México, S.A., Institución de Banca Múltiple, UBS Grupo Financiero'),
('140','CONSUBANCO','Consubanco, S.A. Institución de Banca Múltiple'),
('141','VOLKSWAGEN','Volkswagen Bank, S.A., Institución de Banca Múltiple'),
('143','CIBANCO','CIBanco, S.A.'),
('145','BBASE','Banco Base, S.A., Institución de Banca Múltiple'),
('166','BANSEFI','Banco del Ahorro Nacional y Servicios Financieros, Sociedad Nacional de Crédito, Institución de Banca de Desarrollo'),
('168','HIPOTECARIA FEDERAL','Sociedad Hipotecaria Federal, Sociedad Nacional de Crédito, Institución de Banca de Desarrollo'),
('600','MONEXCB','Monex Casa de Bolsa, S.A. de C.V. Monex Grupo Financiero'),
('601','GBM','GBM Grupo Bursátil Mexicano, S.A. de C.V. Casa de Bolsa'),
('602','MASARI','Masari Casa de Bolsa, S.A.'),
('605','VALUE','Value, S.A. de C.V. Casa de Bolsa'),
('606','ESTRUCTURADORES','Estructuradores del Mercado de Valores Casa de Bolsa, S.A. de C.V.'),
('607','TIBER','Casa de Cambio Tiber, S.A. de C.V.'),
('608','VECTOR','Vector Casa de Bolsa, S.A. de C.V.'),
('610','B&B','B y B, Casa de Cambio, S.A. de C.V.'),
('614','ACCIVAL','Acciones y Valores Banamex, S.A. de C.V., Casa de Bolsa'),
('615','MERRILL LYNCH','Merrill Lynch México, S.A. de C.V. Casa de Bolsa'),
('616','FINAMEX','Casa de Bolsa Finamex, S.A. de C.V.'),
('617','VALMEX','Valores Mexicanos Casa de Bolsa, S.A. de C.V.'),
('618','UNICA','Unica Casa de Cambio, S.A. de C.V.'),
('619','MAPFRE','MAPFRE Tepeyac, S.A.'),
('620','PROFUTURO','Profuturo G.N.P., S.A. de C.V., Afore'),
('621','CB ACTINVER','Actinver Casa de Bolsa, S.A. de C.V.'),
('622','OACTIN','OPERADORA ACTINVER, S.A. DE C.V.'),
('623','SKANDIA','Skandia Vida, S.A. de C.V.'),
('626','CBDEUTSCHE','Deutsche Securities, S.A. de C.V. CASA DE BOLSA'),
('627','ZURICH','Zurich Compañía de Seguros, S.A.'),
('628','ZURICHVI','Zurich Vida, Compañía de Seguros, S.A.'),
('629','SU CASITA','Hipotecaria Su Casita, S.A. de C.V. SOFOM ENR'),
('630','CB INTERCAM','Intercam Casa de Bolsa, S.A. de C.V.'),
('631','CI BOLSA','CI Casa de Bolsa, S.A. de C.V.'),
('632','BULLTICK CB','Bulltick Casa de Bolsa, S.A., de C.V.'),
('633','STERLING','Sterling Casa de Cambio, S.A. de C.V.'),
('634','FINCOMUN','Fincomún, Servicios Financieros Comunitarios, S.A. de C.V.'),
('636','HDI SEGUROS','HDI Seguros, S.A. de C.V.'),
('637','ORDER','Order Express Casa de Cambio, S.A. de C.V'),
('638','AKALA','Akala, S.A. de C.V., Sociedad Financiera Popular'),
('640','CB JPMORGAN','J.P. Morgan Casa de Bolsa, S.A. de C.V. J.P. Morgan Grupo Financiero'),
('642','REFORMA','Operadora de Recursos Reforma, S.A. de C.V., S.F.P.'),
('646','STP','Sistema de Transferencias y Pagos STP, S.A. de C.V.SOFOM ENR'),
('647','TELECOMM','Telecomunicaciones de México'),
('648','EVERCORE','Evercore Casa de Bolsa, S.A. de C.V.'),
('649','SKANDIA','Skandia Operadora de Fondos, S.A. de C.V.'),
('651','SEGMTY','Seguros Monterrey New York Life, S.A de C.V'),
('652','ASEA','Solución Asea, S.A. de C.V., Sociedad Financiera Popular'),
('653','KUSPIT','Kuspit Casa de Bolsa, S.A. de C.V.'),
('655','SOFIEXPRESS','J.P. SOFIEXPRESS, S.A. de C.V., S.F.P.'),
('656','UNAGRA','UNAGRA, S.A. de C.V., S.F.P.'),
('659','OPCIONES EMPRESARIALES DEL NOROESTE','OPCIONES EMPRESARIALES DEL NORESTE, S.A. DE C.V., S.F.P.'),
('901','CLS','Cls Bank International'),
('902','INDEVAL','SD. Indeval, S.A. de C.V.'),
('670','LIBERTAD','Libertad Servicios Financieros, S.A. De C.V.'),
('999','N/A',' ');

-- ------------------------------------------------------------------------------------------------------------------------------------------------------------------------------------------------------------
-- ------------------------------------------------------------------------------------------------------------------------------------------------------------------------------------------------------------
-- ------------------------------------------------------------------------------------------------------------------------------------------------------------------------------------------------------------
-- ------------------------------------------------------------------------------------------------------------------------------------------------------------------------------------------------------------
-- ------------------------------------------------------------------------------------------------------------------------------------------------------------------------------------------------------------


CREATE TABLE IF NOT EXISTS `obras` (
  `obras_id` INT NOT NULL AUTO_INCREMENT,
  `nombre` VARCHAR(255) NULL,
  `empresas_id` INT NOT NULL DEFAULT 0,
  `clientes_id` INT NOT NULL DEFAULT 0,
  `cat_municipios_id` INT NOT NULL DEFAULT 0,
  `cat_estados_id` INT NOT NULL DEFAULT 0,
  `etapa` VARCHAR(100) NULL,
  `fecha_inicio` DATE NULL,
  `estatus` INT(1) NOT NULL DEFAULT 1,
  `cuentas_id` INT NOT NULL DEFAULT 0,
  `fecha_creacion` DATETIME DEFAULT   CURRENT_TIMESTAMP,
  `fecha_edicion` DATETIME ON UPDATE CURRENT_TIMESTAMP,
  `observaciones` TEXT NULL,
  PRIMARY KEY (`obras_id`),
  INDEX `obras_empresas_idx` (`empresas_id` ASC),
  INDEX `obras_clientes_idx` (`clientes_id` ASC),
  INDEX `obras_municipios_idx` (`cat_municipios_id` ASC),
  INDEX `obras_estados_idx` (`cat_estados_id` ASC),
  INDEX `obras_estatus_idx` (`estatus` ASC),
  INDEX `obras_cuentas_idx` (`cuentas_id` ASC))
ENGINE = InnoDB;



CREATE OR REPLACE VIEW v_obras AS 
SELECT o.*, e.nombre as nombre_empresa, c.nombre as nombre_cliente
FROM obras o
INNER JOIN empresas e on o.empresas_id = e.empresas_id
INNER JOIN clientes c on o.clientes_id = c.clientes_id;


CREATE TABLE IF NOT EXISTS `obras_archivos` (
  `obras_archivos_id` INT NOT NULL AUTO_INCREMENT,
  `nombre` VARCHAR(100) NULL,
  `fecha_creacion` DATETIME NULL,
  `obras_id` INT NOT NULL DEFAULT 0,
  PRIMARY KEY (`obras_archivos_id`),
  INDEX `obras_archivos_obras_idx` (`obras_id` ASC))
ENGINE = InnoDB;


CREATE TABLE IF NOT EXISTS `cat_unidades` (
  `cat_unidades_id` INT NOT NULL AUTO_INCREMENT,
  `nombre` VARCHAR(45) NULL,
  `descripcion` VARCHAR(60) NULL,
  `estatus` INT(1) NOT NULL DEFAULT 1,
  PRIMARY KEY (`cat_unidades_id`))
ENGINE = InnoDB;

INSERT INTO `cat_unidades` (`cat_unidades_id`, `nombre`, `descripcion`, `estatus`) VALUES
(1, 'mm', 'Milímetro', 1),
(2, 'cm', 'Centímetro', 1),
(3, 'dm', 'Decímetro', 1),
(4, 'm', 'Metro', 1),
(5, 'dam', 'Decámetro', 1),
(6, 'hm', 'Hectómetro', 1),
(7, 'km', 'Kilómetro', 1),
(8, 'mam', 'Miriámetro', 1),
(9, 'mm2', 'Milímetro Cuadrado', 1),
(10, 'cm2', 'Centímetro Cuadrado', 1),
(11, 'dm2', 'Decímetro Cuadrado', 1),
(12, 'm2', 'Metro Cuadrado', 1),
(13, 'dam2', 'Decámetro Cuadrado', 1),
(14, 'hm2', 'Hectómetro Cuadrado', 1),
(15, 'km2', 'Kilómetro Cuadrado', 1),
(16, 'mam2', 'Miriámetro Cuadrado', 1),
(17, 'mm3', 'Milímetro cúbico', 1),
(18, 'cm3', 'Centímetro cúbico', 1),
(19, 'dm3', 'Decímetro cúbico', 1),
(20, 'm3', 'Metro cúbico', 1),
(21, 'dm3', 'Decámetro cúbico', 1),
(22, 'hm3', 'Hectómetro cúbico', 1),
(23, 'km3', 'Kilómetro cúbico', 1),
(24, 'ml', 'Mililitro', 1),
(25, 'cl', 'Centilitro', 1),
(26, 'dl', 'Decilitro', 1),
(27, 'l', 'Litro', 1),
(28, 'dl', 'Decalito', 1),
(29, 'hl', 'Hectolitro', 1),
(30, 'kl', 'Kilolitro', 1),
(31, 'mg', 'Milígramo', 1),
(32, 'cg', 'Centigramo', 1),
(33, 'g', 'Gramo', 1),
(34, 'dg', 'Decagramo', 1),
(35, 'Hg', 'Hectogramo', 1),
(36, 'Kg', 'Kilogramo', 1),
(37, 'Q', 'Quintales', 1),
(38, 'Tn', 'Toneladas', 1),
(39, 'Servicio', 'Servicio', 1),
(40, 'Unidad', 'Unidad', 1);

CREATE TABLE IF NOT EXISTS `materiales_servicios` (
  `materiales_servicios_id` INT NOT NULL AUTO_INCREMENT,
  `clave` VARCHAR(45) NULL,
  `nombre` VARCHAR(60) NULL,
  `descripcion` VARCHAR(250) NULL,
  `tipo` INT(1) NOT NULL DEFAULT 0,
  `cuentas_id` INT NOT NULL DEFAULT 0,
  PRIMARY KEY (`materiales_servicios_id`),
  INDEX `materiales_cuentas_idx` (`cuentas_id` ASC),
  INDEX `materiales_tipo_idx` (`tipo` ASC))
ENGINE = InnoDB;

CREATE TABLE IF NOT EXISTS `camiones` (
  `camiones_id` INT NOT NULL AUTO_INCREMENT,
  `clave` VARCHAR(15) NULL,
  `placa` VARCHAR(10) NOT NULL,
  `nombre_chofer` VARCHAR(200) NULL,
  `capacidad` DECIMAL(12,2) NOT NULL DEFAULT 0,
  `fecha_cubicacion` DATE NULL,
  `proveedores_id` INT NOT NULL DEFAULT 0,
  `estatus` INT(1) NOT NULL DEFAULT 1,
  `fecha_creacion` DATETIME DEFAULT   CURRENT_TIMESTAMP,
  `fecha_edicion` DATETIME ON UPDATE CURRENT_TIMESTAMP,
  `cuentas_id` INT NOT NULL DEFAULT 0,
  PRIMARY KEY (`camiones_id`),
  INDEX `camiones_placa_idx` (`placa` ASC),
  INDEX `camiones_proveedores_idx` (`proveedores_id` ASC),
  INDEX `camiones_estatus_idx` (`estatus` ASC),
  INDEX `camiones_cuenta_idx` (`cuentas_id` ASC))
ENGINE = InnoDB;

CREATE OR REPLACE VIEW v_camiones AS
SELECT c.*, p.nombre as proveedor_nombre, p.estatus as proveedor_estatus
FROM camiones c
INNER JOIN proveedores p ON c.proveedores_id = p.proveedores_id;

CREATE TABLE IF NOT EXISTS `materiales_acarreos` (
  `materiales_acarreos_id` INT NOT NULL AUTO_INCREMENT,
  `materiales_servicios_id` INT NOT NULL DEFAULT 0,
  `cat_unidades_id` INT NOT NULL DEFAULT 0,
  `nombre_en_obra` VARCHAR(60) NULL,
  `costo` DECIMAL(12,2) NOT NULL DEFAULT 0,
  `ubicacion` VARCHAR(100) NULL,
  `proveedores_id` INT NOT NULL DEFAULT 0,
  `distancia_obra` DECIMAL(12,2) NOT NULL DEFAULT 0,
  `obras_id` INT NOT NULL DEFAULT 0,
  `cuentas_id` INT NOT NULL DEFAULT 0,
  `fecha_creacion` DATETIME DEFAULT   CURRENT_TIMESTAMP,
  `fecha_edicion` DATETIME ON UPDATE CURRENT_TIMESTAMP,
  PRIMARY KEY (`materiales_acarreos_id`),
  INDEX `mat_acarreos_mat_serv_idx` (`materiales_servicios_id` ASC),
  INDEX `mat_acarreos_unidades_idx` (`cat_unidades_id` ASC),
  INDEX `mat_acarreos_proveedores_idx` (`proveedores_id` ASC),
  INDEX `mat_acarreos_cuentas_idx` (`cuentas_id` ASC),
  INDEX `mat_acarreos_obras_idx` (`obras_id` ASC))
ENGINE = InnoDB;

CREATE OR REPLACE VIEW v_materiales_acarreos AS
SELECT ma.*, ms.clave as material_clave, ms.nombre as material_nombre, ms.tipo as material_tipo, p.nombre as proveedor_nombre, p.estatus as proveedor_estatus, o.nombre as obra_nombre, o.estatus as obra_estatus, cu.nombre as unidad_nombre
FROM materiales_acarreos ma
INNER JOIN materiales_servicios ms ON ma.materiales_servicios_id = ms.materiales_servicios_id
INNER JOIN proveedores p ON ma.proveedores_id = p.proveedores_id
INNER JOIN obras o ON ma.obras_id = o.obras_id
INNER JOIN cat_unidades cu ON ma.cat_unidades_id = cu.cat_unidades_id;

CREATE TABLE IF NOT EXISTS `tarifas_acarreos` (
  `tarifas_acarreos_id` INT NOT NULL AUTO_INCREMENT,
  `obras_id` INT NOT NULL DEFAULT 0,
  `proveedores_id` INT NOT NULL DEFAULT 0,
  `primer_kilometro` DECIMAL(12,2) NOT NULL DEFAULT 0,
  `kilometros_subsecuentes` DECIMAL(12,2) NOT NULL DEFAULT 0,
  `interno` DECIMAL(12,2) NOT NULL DEFAULT 0,
  `cuentas_id` INT NOT NULL DEFAULT 0,
  `fecha_creacion` DATETIME DEFAULT   CURRENT_TIMESTAMP,
  `fecha_edicion` DATETIME ON UPDATE CURRENT_TIMESTAMP,
  PRIMARY KEY (`tarifas_acarreos_id`),
  INDEX `tarifas_acarreos_obras_idx` (`obras_id` ASC),
  INDEX `tarifas_acarreos_proveedores_idx` (`proveedores_id` ASC),
  INDEX `tarifas_acarreos_cuentas_idx` (`cuentas_id` ASC))
ENGINE = InnoDB;

CREATE OR REPLACE VIEW v_tarifas_acarreos AS
SELECT ta.*, p.nombre as proveedor_nombre, p.estatus as proveedor_estatus, o.nombre as obra_nombre, o.estatus as obra_estatus
FROM tarifas_acarreos ta
INNER JOIN proveedores p ON ta.proveedores_id = p.proveedores_id
INNER JOIN obras o ON ta.obras_id = o.obras_id;

CREATE TABLE IF NOT EXISTS `zonas` (
  `zonas_id` INT NOT NULL AUTO_INCREMENT,
  `nombre` VARCHAR(150) NULL,
  `obras_id` INT NOT NULL DEFAULT 0,
  `cuentas_id` INT NOT NULL DEFAULT 0,
  `fecha_creacion` DATETIME DEFAULT   CURRENT_TIMESTAMP,
  `fecha_edicion` DATETIME ON UPDATE CURRENT_TIMESTAMP,
  PRIMARY KEY (`zonas_id`),
  INDEX `zonas_obras_idx` (`obras_id` ASC),
  INDEX `zonas_cuenta_idx` (`cuentas_id` ASC))
ENGINE = InnoDB;

CREATE OR REPLACE VIEW v_zonas AS
SELECT z.*, o.nombre as obra_nombre, o.estatus as obra_estatus
FROM zonas z
INNER JOIN obras o ON z.obras_id = o.obras_id;

CREATE TABLE IF NOT EXISTS `acarreos` (
  `acarreos_id` INT NOT NULL AUTO_INCREMENT,
  `folio_vale` VARCHAR(20) NULL,
  `fecha_acarreo` DATETIME NULL,
  `camiones_id` INT NOT NULL DEFAULT 0,
  `materiales_acarreos_id` INT NOT NULL DEFAULT 0,
  `tipo_acarreo` VARCHAR(45) NULL,
  `zonas_id` INT NOT NULL DEFAULT 0,
  `obras_id` INT NOT NULL DEFAULT 0,
  `checador` VARCHAR(150) NULL,
  `costo_material` DECIMAL(12,2) NOT NULL DEFAULT 0,
  `costo_acarreo` DECIMAL(12,2) NOT NULL DEFAULT 0,
  `costo_suministro` DECIMAL(12,2) NOT NULL DEFAULT 0,
  `cuentas_id` INT NOT NULL DEFAULT 0,
  `acarreos_archivos_id` INT NOT NULL DEFAULT 0,
  `fecha_creacion` DATETIME DEFAULT   CURRENT_TIMESTAMP,
  `fecha_edicion` DATETIME ON UPDATE CURRENT_TIMESTAMP,
  PRIMARY KEY (`acarreos_id`),
  INDEX `acarreos_camiones_idx` (`camiones_id` ASC),
  INDEX `acarreos_mat_acarreos_idx` (`materiales_acarreos_id` ASC),
  INDEX `acarreos_zonas_idx` (`zonas_id` ASC),
  INDEX `acarreos_obras_idx` (`obras_id` ASC),
  INDEX `acarreos_cuentas_idx` (`cuentas_id` ASC),
  INDEX `acarreos_archivo_idx` (`acarreos_archivos_id` ASC))
ENGINE = InnoDB;

CREATE TABLE IF NOT EXISTS `acarreos_archivos` (
  `acarreos_archivos_id` INT NOT NULL AUTO_INCREMENT,
  `nombre_archivo` VARCHAR(150) NULL,
  `usuarios_id` INT NOT NULL DEFAULT 0,
  `cuentas_id` INT NOT NULL DEFAULT 0,
  `obras_id` INT NOT NULL DEFAULT 0,
  `fecha_creacion` DATETIME DEFAULT   CURRENT_TIMESTAMP,
  `fecha_edicion` DATETIME ON UPDATE CURRENT_TIMESTAMP,
  PRIMARY KEY (`acarreos_archivos_id`),
  INDEX `acarreos_archivos_usuario_idx` (`usuarios_id` ASC),
  INDEX `acarreos_archivos_cuentas_idx` (`cuentas_id` ASC),
  INDEX `acarreos_archivos_obras_idx` (`obras_id` ASC))
ENGINE = InnoDB;

CREATE OR REPLACE VIEW v_acarreos AS
SELECT 
a.*, 
z.nombre as zona_nombre, z.obra_nombre, z.obra_estatus, 
c.placa, c.nombre_chofer, c.capacidad, c.fecha_cubicacion, 
ma.nombre_en_obra, ma.cat_unidades_id, ma.costo, ma.ubicacion, ma.distancia_obra, ma.material_clave, ma.material_nombre, ma.material_tipo,
aa.nombre_archivo
FROM acarreos a
INNER JOIN v_zonas z ON a.zonas_id = z.zonas_id
INNER JOIN v_camiones c ON a.camiones_id = c.camiones_id
INNER JOIN v_materiales_acarreos ma ON a.materiales_acarreos_id = ma.materiales_acarreos_id
LEFT JOIN acarreos_archivos aa ON a.acarreos_archivos_id = aa.acarreos_archivos_id;


CREATE TABLE IF NOT EXISTS `tarifas_suministros` (
  `tarifas_suministros_id` INT NOT NULL AUTO_INCREMENT,
  `obras_id` INT NOT NULL DEFAULT 0,
  `proveedores_id` INT NOT NULL DEFAULT 0,
  `materiales_acarreos_id` INT NOT NULL DEFAULT 0,
  `costo` INT NOT NULL DEFAULT 0,
  `cuentas_id` INT NOT NULL DEFAULT 0,
  `fecha_creacion` DATETIME DEFAULT   CURRENT_TIMESTAMP,
  `fecha_edicion` DATETIME ON UPDATE CURRENT_TIMESTAMP,
  PRIMARY KEY (`tarifas_suministros_id`),
  INDEX `ts_obras_idx` (`obras_id` ASC),
  INDEX `ts_proveedores_idx` (`proveedores_id` ASC),
  INDEX `ts_mateirales_acarreos_idx` (`materiales_acarreos_id` ASC),
  INDEX `ts_cuentas_idx` (`cuentas_id` ASC))
ENGINE = InnoDB;

CREATE OR REPLACE VIEW v_tarifas_suministros AS
SELECT ts.*, p.nombre as proveedor_nombre, p.estatus as proveedor_estatus, o.nombre as obra_nombre, o.estatus as obra_estatus, ma.nombre_en_obra as material_nombre_obra
FROM tarifas_suministros ts
INNER JOIN proveedores p ON ts.proveedores_id = p.proveedores_id
INNER JOIN obras o ON ts.obras_id = o.obras_id
INNER JOIN materiales_acarreos ma ON ts.materiales_acarreos_id = ma.materiales_acarreos_id;


